-- ----------------------------
-- 设备类型表(YH_DEV_TYPE)
-- ----------------------------
delete from yh_dev_type;
INSERT INTO `yh_dev_type`(devTypeId,devTypeName,isStoreHis,storeRate,storeDays) VALUES ('1', '7-53楼空调柜机', '1', 60, 60);
INSERT INTO `yh_dev_type`(devTypeId,devTypeName,isStoreHis,storeRate,storeDays) VALUES ('2', '新风机', '1', 60, 60);
INSERT INTO `yh_dev_type`(devTypeId,devTypeName,isStoreHis,storeRate,storeDays) VALUES ('3', '33楼大堂', '1', 60, 60);
INSERT INTO `yh_dev_type`(devTypeId,devTypeName,isStoreHis,storeRate,storeDays) VALUES ('4', '南北大堂', '1', 60, 60);
INSERT INTO `yh_dev_type`(devTypeId,devTypeName,isStoreHis,storeRate,storeDays) VALUES ('5', '送排风', '1', 60, 60);
INSERT INTO `yh_dev_type`(devTypeId,devTypeName,isStoreHis,storeRate,storeDays) VALUES ('6', '照明', '1', 60, 60);
INSERT INTO `yh_dev_type`(devTypeId,devTypeName,isStoreHis,storeRate,storeDays) VALUES ('7', '负一楼供冷', '1', 60, 60);
INSERT INTO `yh_dev_type`(devTypeId,devTypeName,isStoreHis,storeRate,storeDays) VALUES ('8', '37层板换', '1', 60, 60);
INSERT INTO `yh_dev_type`(devTypeId,devTypeName,isStoreHis,storeRate,storeDays) VALUES ('9', '热水、盘管、电加热、插座', '1', 60, 60);
INSERT INTO `yh_dev_type`(devTypeId,pareDevTypeId,devTypeName,isStoreHis,storeRate,storeDays) VALUES ('10', '7','负一楼供冷系统板换', '1', 60, 60);
INSERT INTO `yh_dev_type`(devTypeId,pareDevTypeId,devTypeName,isStoreHis,storeRate,storeDays) VALUES ('11', '7','负一楼供冷系统冷冻泵进出', '1', 60, 60);
INSERT INTO `yh_dev_type`(devTypeId,pareDevTypeId,devTypeName,isStoreHis,storeRate,storeDays) VALUES ('12', '7','负一楼供冷系统板换二次侧蝶阀', '1', 60, 60);
INSERT INTO `yh_dev_type`(devTypeId,pareDevTypeId,devTypeName,isStoreHis,storeRate,storeDays) VALUES ('13', '7','负一楼供冷冷冻泵', '1', 60, 60);
INSERT INTO `yh_dev_type`(devTypeId,pareDevTypeId,devTypeName,isStoreHis,storeRate,storeDays) VALUES ('14', '8','37层板换系统板换', '1', 60, 60);
INSERT INTO `yh_dev_type`(devTypeId,pareDevTypeId,devTypeName,isStoreHis,storeRate,storeDays) VALUES ('15', '8','37层板换系统冷冻泵进出', '1', 60, 60);
INSERT INTO `yh_dev_type`(devTypeId,pareDevTypeId,devTypeName,isStoreHis,storeRate,storeDays) VALUES ('16', '8','37层板换系统蝶阀', '1', 60, 60);
INSERT INTO `yh_dev_type`(devTypeId,pareDevTypeId,devTypeName,isStoreHis,storeRate,storeDays) VALUES ('17', '8','37层板换系统冷冻泵', '1', 60, 60);
INSERT INTO `yh_dev_type`(devTypeId,devTypeName,isStoreHis,storeRate,storeDays) VALUES ('18', '漏水报警', '1', 60, 60);

-- ----------------------------
-- 字典表(YH_DICT)
-- ----------------------------
delete from yh_dict;
INSERT INTO `yh_dict`(dictname,dictdesc,mykey,val) VALUES ('running_state', '运行状态', '1', '运行');
INSERT INTO `yh_dict`(dictname,dictdesc,mykey,val) VALUES ('running_state', '运行状态', '0', '停止');

INSERT INTO `yh_dict`(dictname,dictdesc,mykey,val) VALUES ('hand_auto', '手/自动', '0', '手动');
INSERT INTO `yh_dict`(dictname,dictdesc,mykey,val) VALUES ('hand_auto', '手/自动', '1', '自动');

INSERT INTO `yh_dict`(dictname,dictdesc,mykey,val) VALUES ('start_stop', '启停控制', '1', '开启');
INSERT INTO `yh_dict`(dictname,dictdesc,mykey,val) VALUES ('start_stop', '启停控制', '0', '关闭');

INSERT INTO `yh_dict`(dictname,dictdesc,mykey,val) VALUES ('trouble_warn', '故障报警', '0', '正常');
INSERT INTO `yh_dict`(dictname,dictdesc,mykey,val) VALUES ('trouble_warn', '故障报警', '1', '报警');


-- ----------------------------
-- 设备类型属性表(YH_DEV_ATTR)
-- ----------------------------
delete from YH_DEV_ATTR;
insert into YH_DEV_ATTR(devAtrrId,devtypeid,attrEnName,attrClass,attrCnName,attrUnit,attrDict,tabOrder) values ('1001','1','','控制面板','启停控制','','start_stop','7');
insert into YH_DEV_ATTR(devAtrrId,devtypeid,attrEnName,attrClass,attrCnName,attrUnit,attrDict,tabOrder) values ('1002','1','','控制面板','手/自动','','hand_auto','6');
insert into YH_DEV_ATTR(devAtrrId,devtypeid,attrEnName,attrClass,attrCnName,attrUnit,attrDict,tabOrder) values ('1003','1','','控制面板','运行状态','','running_state','5');
insert into YH_DEV_ATTR(devAtrrId,devtypeid,attrEnName,attrClass,attrCnName,attrUnit,attrDict,tabOrder) values ('1004','1','','控制面板','故障报警','','trouble_warn',null);
insert into YH_DEV_ATTR(devAtrrId,devtypeid,attrEnName,attrClass,attrCnName,attrUnit,attrDict,tabOrder) values ('1005','1','','新风','新风阀控制','%','',null);
insert into YH_DEV_ATTR(devAtrrId,devtypeid,attrEnName,attrClass,attrCnName,attrUnit,attrDict,tabOrder) values ('1006','1','','新风','新风阀反馈','%','',null);
insert into YH_DEV_ATTR(devAtrrId,devtypeid,attrEnName,attrClass,attrCnName,attrUnit,attrDict,tabOrder) values ('1007','1','','滤网水阀','滤网报警','','trouble_warn',null);
insert into YH_DEV_ATTR(devAtrrId,devtypeid,attrEnName,attrClass,attrCnName,attrUnit,attrDict,tabOrder) values ('1008','1','','滤网水阀','水阀调节','%','',null);
insert into YH_DEV_ATTR(devAtrrId,devtypeid,attrEnName,attrClass,attrCnName,attrUnit,attrDict,tabOrder) values ('1009','1','','滤网水阀','水阀反馈','%','','2');
insert into YH_DEV_ATTR(devAtrrId,devtypeid,attrEnName,attrClass,attrCnName,attrUnit,attrDict,tabOrder) values ('1010','1','','回风','回风温度','°C','',null);
insert into YH_DEV_ATTR(devAtrrId,devtypeid,attrEnName,attrClass,attrCnName,attrUnit,attrDict,tabOrder) values ('1011','1','','回风','回风湿度','%','',null);
insert into YH_DEV_ATTR(devAtrrId,devtypeid,attrEnName,attrClass,attrCnName,attrUnit,attrDict,tabOrder) values ('1012','1','','回风','CO2浓度','PPM','',null);
insert into YH_DEV_ATTR(devAtrrId,devtypeid,attrEnName,attrClass,attrCnName,attrUnit,attrDict,tabOrder) values ('1013','1','','回风','CO2浓度设定','PPM','',null);
insert into YH_DEV_ATTR(devAtrrId,devtypeid,attrEnName,attrClass,attrCnName,attrUnit,attrDict,tabOrder) values ('1014','1','','频率','频率调节','HZ','','3');
insert into YH_DEV_ATTR(devAtrrId,devtypeid,attrEnName,attrClass,attrCnName,attrUnit,attrDict,tabOrder) values ('1015','1','','频率','频率反馈','HZ','','4');
insert into YH_DEV_ATTR(devAtrrId,devtypeid,attrEnName,attrClass,attrCnName,attrUnit,attrDict,tabOrder) values ('1016','1','','送风','送风温度','°C','','1');
insert into YH_DEV_ATTR(devAtrrId,devtypeid,attrEnName,attrClass,attrCnName,attrUnit,attrDict,tabOrder) values ('1017','1','','送风','送风温度设定','°C','',null);
insert into YH_DEV_ATTR(devAtrrId,devtypeid,attrEnName,attrClass,attrCnName,attrUnit,attrDict,tabOrder) values ('1018','1','','风管静压','风管静压1','Pa','',null);
insert into YH_DEV_ATTR(devAtrrId,devtypeid,attrEnName,attrClass,attrCnName,attrUnit,attrDict,tabOrder) values ('1019','1','','风管静压','风管静压2','Pa','',null);
insert into YH_DEV_ATTR(devAtrrId,devtypeid,attrEnName,attrClass,attrCnName,attrUnit,attrDict,tabOrder) values ('1020','1','','风管静压','静压设定','Pa','',null);
insert into YH_DEV_ATTR(devAtrrId,devtypeid,attrEnName,attrClass,attrCnName,attrUnit,attrDict,tabOrder) values ('1021','1','','环形风阀','开控制','','start_stop',null);
insert into YH_DEV_ATTR(devAtrrId,devtypeid,attrEnName,attrClass,attrCnName,attrUnit,attrDict,tabOrder) values ('1022','1','','环形风阀','开状态','','running_state',null);
insert into YH_DEV_ATTR(devAtrrId,devtypeid,attrEnName,attrClass,attrCnName,attrUnit,attrDict,tabOrder) values ('1023','1','','环形风阀','关控制','','start_stop',null);
insert into YH_DEV_ATTR(devAtrrId,devtypeid,attrEnName,attrClass,attrCnName,attrUnit,attrDict,tabOrder) values ('1024','1','','环形风阀','关状态','','running_state',null);
insert into YH_DEV_ATTR(devAtrrId,devtypeid,attrEnName,attrClass,attrCnName,attrUnit,attrDict,tabOrder) values ('1025','1','','','控制级别','','','8');
insert into YH_DEV_ATTR(devAtrrId,devtypeid,attrEnName,attrClass,attrCnName,attrUnit,attrDict,tabOrder) values ('1026','1','','','电加热模式','','','9');
insert into YH_DEV_ATTR(devAtrrId,devtypeid,attrEnName,attrClass,attrCnName,attrUnit,attrDict,tabOrder) values ('1027','1','','','新风风量','CMH','',null);
insert into YH_DEV_ATTR(devAtrrId,devtypeid,attrEnName,attrClass,attrCnName,attrUnit,attrDict,tabOrder) values ('2001','2','','控制面板','启停控制','','start_stop','7');
insert into YH_DEV_ATTR(devAtrrId,devtypeid,attrEnName,attrClass,attrCnName,attrUnit,attrDict,tabOrder) values ('2002','2','','控制面板','手/自动','','hand_auto','6');
insert into YH_DEV_ATTR(devAtrrId,devtypeid,attrEnName,attrClass,attrCnName,attrUnit,attrDict,tabOrder) values ('2003','2','','控制面板','运行状态','','running_state','5');
insert into YH_DEV_ATTR(devAtrrId,devtypeid,attrEnName,attrClass,attrCnName,attrUnit,attrDict,tabOrder) values ('2004','2','','控制面板','故障报警','','trouble_warn',null);
insert into YH_DEV_ATTR(devAtrrId,devtypeid,attrEnName,attrClass,attrCnName,attrUnit,attrDict,tabOrder) values ('2005','2','','新风','新风阀控制','%','',null);
insert into YH_DEV_ATTR(devAtrrId,devtypeid,attrEnName,attrClass,attrCnName,attrUnit,attrDict,tabOrder) values ('2006','2','','新风','新风阀反馈','%','',null);
insert into YH_DEV_ATTR(devAtrrId,devtypeid,attrEnName,attrClass,attrCnName,attrUnit,attrDict,tabOrder) values ('2007','2','','滤网水阀','滤网报警','','trouble_warn',null);
insert into YH_DEV_ATTR(devAtrrId,devtypeid,attrEnName,attrClass,attrCnName,attrUnit,attrDict,tabOrder) values ('2008','2','','滤网水阀','水阀调节','%','',null);
insert into YH_DEV_ATTR(devAtrrId,devtypeid,attrEnName,attrClass,attrCnName,attrUnit,attrDict,tabOrder) values ('2009','2','','滤网水阀','水阀反馈','%','','2');
insert into YH_DEV_ATTR(devAtrrId,devtypeid,attrEnName,attrClass,attrCnName,attrUnit,attrDict,tabOrder) values ('2010','2','','回风','回风温度','°C','',null);
insert into YH_DEV_ATTR(devAtrrId,devtypeid,attrEnName,attrClass,attrCnName,attrUnit,attrDict,tabOrder) values ('2011','2','','回风','回风湿度','%','',null);
insert into YH_DEV_ATTR(devAtrrId,devtypeid,attrEnName,attrClass,attrCnName,attrUnit,attrDict,tabOrder) values ('2012','2','','回风','CO2浓度','PPM','',null);
insert into YH_DEV_ATTR(devAtrrId,devtypeid,attrEnName,attrClass,attrCnName,attrUnit,attrDict,tabOrder) values ('2013','2','','回风','CO2浓度设定','PPM','',null);
insert into YH_DEV_ATTR(devAtrrId,devtypeid,attrEnName,attrClass,attrCnName,attrUnit,attrDict,tabOrder) values ('2014','2','','频率','频率调节','HZ','','3');
insert into YH_DEV_ATTR(devAtrrId,devtypeid,attrEnName,attrClass,attrCnName,attrUnit,attrDict,tabOrder) values ('2015','2','','频率','频率反馈','HZ','','4');
insert into YH_DEV_ATTR(devAtrrId,devtypeid,attrEnName,attrClass,attrCnName,attrUnit,attrDict,tabOrder) values ('2016','2','','送风','送风温度','°C','','1');
insert into YH_DEV_ATTR(devAtrrId,devtypeid,attrEnName,attrClass,attrCnName,attrUnit,attrDict,tabOrder) values ('2017','2','','送风','送风温度设定','°C','',null);
insert into YH_DEV_ATTR(devAtrrId,devtypeid,attrEnName,attrClass,attrCnName,attrUnit,attrDict,tabOrder) values ('2018','2','','风管静压','风管静压1','Pa','',null);
insert into YH_DEV_ATTR(devAtrrId,devtypeid,attrEnName,attrClass,attrCnName,attrUnit,attrDict,tabOrder) values ('2019','2','','风管静压','风管静压2','Pa','',null);
insert into YH_DEV_ATTR(devAtrrId,devtypeid,attrEnName,attrClass,attrCnName,attrUnit,attrDict,tabOrder) values ('2020','2','','风管静压','静压设定','Pa','',null);
insert into YH_DEV_ATTR(devAtrrId,devtypeid,attrEnName,attrClass,attrCnName,attrUnit,attrDict,tabOrder) values ('2021','2','','环形风阀','开控制','','start_stop',null);
insert into YH_DEV_ATTR(devAtrrId,devtypeid,attrEnName,attrClass,attrCnName,attrUnit,attrDict,tabOrder) values ('2022','2','','环形风阀','开状态','','running_state',null);
insert into YH_DEV_ATTR(devAtrrId,devtypeid,attrEnName,attrClass,attrCnName,attrUnit,attrDict,tabOrder) values ('2023','2','','环形风阀','关控制','','start_stop',null);
insert into YH_DEV_ATTR(devAtrrId,devtypeid,attrEnName,attrClass,attrCnName,attrUnit,attrDict,tabOrder) values ('2024','2','','环形风阀','关状态','','running_state',null);
insert into YH_DEV_ATTR(devAtrrId,devtypeid,attrEnName,attrClass,attrCnName,attrUnit,attrDict,tabOrder) values ('2025','2','','','控制级别','','','8');
insert into YH_DEV_ATTR(devAtrrId,devtypeid,attrEnName,attrClass,attrCnName,attrUnit,attrDict,tabOrder) values ('2026','2','','','新风风量','CMH','',null);
insert into YH_DEV_ATTR(devAtrrId,devtypeid,attrEnName,attrClass,attrCnName,attrUnit,attrDict,tabOrder) values ('3001','3','','控制面板','启停控制','','start_stop',null);
insert into YH_DEV_ATTR(devAtrrId,devtypeid,attrEnName,attrClass,attrCnName,attrUnit,attrDict,tabOrder) values ('3002','3','','控制面板','手/自动','','hand_auto',null);
insert into YH_DEV_ATTR(devAtrrId,devtypeid,attrEnName,attrClass,attrCnName,attrUnit,attrDict,tabOrder) values ('3003','3','','控制面板','运行状态','','running_state',null);
insert into YH_DEV_ATTR(devAtrrId,devtypeid,attrEnName,attrClass,attrCnName,attrUnit,attrDict,tabOrder) values ('3004','3','','控制面板','故障报警','','trouble_warn',null);
insert into YH_DEV_ATTR(devAtrrId,devtypeid,attrEnName,attrClass,attrCnName,attrUnit,attrDict,tabOrder) values ('3005','3','','滤网水阀','滤网报警','','trouble_warn',null);
insert into YH_DEV_ATTR(devAtrrId,devtypeid,attrEnName,attrClass,attrCnName,attrUnit,attrDict,tabOrder) values ('3006','3','','滤网水阀','水阀调节','%','',null);
insert into YH_DEV_ATTR(devAtrrId,devtypeid,attrEnName,attrClass,attrCnName,attrUnit,attrDict,tabOrder) values ('3007','3','','滤网水阀','水阀反馈','%','',null);
insert into YH_DEV_ATTR(devAtrrId,devtypeid,attrEnName,attrClass,attrCnName,attrUnit,attrDict,tabOrder) values ('3008','3','','回风','回风温度','°C','',null);
insert into YH_DEV_ATTR(devAtrrId,devtypeid,attrEnName,attrClass,attrCnName,attrUnit,attrDict,tabOrder) values ('3009','3','','回风','回风湿度','%','',null);
insert into YH_DEV_ATTR(devAtrrId,devtypeid,attrEnName,attrClass,attrCnName,attrUnit,attrDict,tabOrder) values ('3010','3','','送风','送风温度','°C','',null);
insert into YH_DEV_ATTR(devAtrrId,devtypeid,attrEnName,attrClass,attrCnName,attrUnit,attrDict,tabOrder) values ('3011','3','','送风','环境温度设定','°C','',null);
insert into YH_DEV_ATTR(devAtrrId,devtypeid,attrEnName,attrClass,attrCnName,attrUnit,attrDict,tabOrder) values ('4001','4','','控制面板','启停控制','','start_stop',null);
insert into YH_DEV_ATTR(devAtrrId,devtypeid,attrEnName,attrClass,attrCnName,attrUnit,attrDict,tabOrder) values ('4002','4','','控制面板','手/自动','','hand_auto',null);
insert into YH_DEV_ATTR(devAtrrId,devtypeid,attrEnName,attrClass,attrCnName,attrUnit,attrDict,tabOrder) values ('4003','4','','控制面板','运行状态','','running_state',null);
insert into YH_DEV_ATTR(devAtrrId,devtypeid,attrEnName,attrClass,attrCnName,attrUnit,attrDict,tabOrder) values ('4004','4','','控制面板','故障报警','','trouble_warn',null);
insert into YH_DEV_ATTR(devAtrrId,devtypeid,attrEnName,attrClass,attrCnName,attrUnit,attrDict,tabOrder) values ('4005','4','','新风','新风阀控制','%','',null);
insert into YH_DEV_ATTR(devAtrrId,devtypeid,attrEnName,attrClass,attrCnName,attrUnit,attrDict,tabOrder) values ('4006','4','','新风','新风阀反馈','%','',null);
insert into YH_DEV_ATTR(devAtrrId,devtypeid,attrEnName,attrClass,attrCnName,attrUnit,attrDict,tabOrder) values ('4007','4','','滤网水阀','滤网报警','','trouble_warn',null);
insert into YH_DEV_ATTR(devAtrrId,devtypeid,attrEnName,attrClass,attrCnName,attrUnit,attrDict,tabOrder) values ('4008','4','','滤网水阀','水阀调节','%','',null);
insert into YH_DEV_ATTR(devAtrrId,devtypeid,attrEnName,attrClass,attrCnName,attrUnit,attrDict,tabOrder) values ('4009','4','','滤网水阀','水阀反馈','%','',null);
insert into YH_DEV_ATTR(devAtrrId,devtypeid,attrEnName,attrClass,attrCnName,attrUnit,attrDict,tabOrder) values ('4010','4','','回风','回风温度','°C','',null);
insert into YH_DEV_ATTR(devAtrrId,devtypeid,attrEnName,attrClass,attrCnName,attrUnit,attrDict,tabOrder) values ('4011','4','','回风','环境温度设定','°C','',null);
insert into YH_DEV_ATTR(devAtrrId,devtypeid,attrEnName,attrClass,attrCnName,attrUnit,attrDict,tabOrder) values ('4012','4','','送风','送风温度','°C','',null);
insert into YH_DEV_ATTR(devAtrrId,devtypeid,attrEnName,attrClass,attrCnName,attrUnit,attrDict,tabOrder) values ('5001','5','','','风阀调节','','',null);
insert into YH_DEV_ATTR(devAtrrId,devtypeid,attrEnName,attrClass,attrCnName,attrUnit,attrDict,tabOrder) values ('5002','5','','','风阀反馈','','',null);
insert into YH_DEV_ATTR(devAtrrId,devtypeid,attrEnName,attrClass,attrCnName,attrUnit,attrDict,tabOrder) values ('5003','5','','','风量反馈','','',null);
insert into YH_DEV_ATTR(devAtrrId,devtypeid,attrEnName,attrClass,attrCnName,attrUnit,attrDict,tabOrder) values ('5004','5','','','运行状态','','running_state',null);
insert into YH_DEV_ATTR(devAtrrId,devtypeid,attrEnName,attrClass,attrCnName,attrUnit,attrDict,tabOrder) values ('5005','5','','','手自动','','hand_auto',null);
insert into YH_DEV_ATTR(devAtrrId,devtypeid,attrEnName,attrClass,attrCnName,attrUnit,attrDict,tabOrder) values ('5006','5','','','启停控制','','start_stop',null);
insert into YH_DEV_ATTR(devAtrrId,devtypeid,attrEnName,attrClass,attrCnName,attrUnit,attrDict,tabOrder) values ('5007','5','','','控制级别','','',null);
insert into YH_DEV_ATTR(devAtrrId,devtypeid,attrEnName,attrClass,attrCnName,attrUnit,attrDict,tabOrder) values ('6001','6','','','运行状态','','running_state',null);
insert into YH_DEV_ATTR(devAtrrId,devtypeid,attrEnName,attrClass,attrCnName,attrUnit,attrDict,tabOrder) values ('6002','6','','','手自动','','hand_auto',null);
insert into YH_DEV_ATTR(devAtrrId,devtypeid,attrEnName,attrClass,attrCnName,attrUnit,attrDict,tabOrder) values ('6003','6','','','启停控制','','start_stop',null);
insert into YH_DEV_ATTR(devAtrrId,devtypeid,attrEnName,attrClass,attrCnName,attrUnit,attrDict,tabOrder) values ('7001','7','','控制面板','启停控制','','start_stop',null);
insert into YH_DEV_ATTR(devAtrrId,devtypeid,attrEnName,attrClass,attrCnName,attrUnit,attrDict,tabOrder) values ('7002','7','','控制面板','手/自动','','hand_auto',null);
insert into YH_DEV_ATTR(devAtrrId,devtypeid,attrEnName,attrClass,attrCnName,attrUnit,attrDict,tabOrder) values ('7003','7','','控制面板','超温报警','','trouble_warn',null);
insert into YH_DEV_ATTR(devAtrrId,devtypeid,attrEnName,attrClass,attrCnName,attrUnit,attrDict,tabOrder) values ('7004','7','','室外','室外温度','°C','',null);
insert into YH_DEV_ATTR(devAtrrId,devtypeid,attrEnName,attrClass,attrCnName,attrUnit,attrDict,tabOrder) values ('7005','7','','室外','室外湿度','%','',null);
insert into YH_DEV_ATTR(devAtrrId,devtypeid,attrEnName,attrClass,attrCnName,attrUnit,attrDict,tabOrder) values ('7006','7','','','出水温度设定','°C','',null);
insert into YH_DEV_ATTR(devAtrrId,devtypeid,attrEnName,attrClass,attrCnName,attrUnit,attrDict,tabOrder) values ('7007','7','','','供水瞬时流量','CMH','',null);
insert into YH_DEV_ATTR(devAtrrId,devtypeid,attrEnName,attrClass,attrCnName,attrUnit,attrDict,tabOrder) values ('7008','7','','回水','回水总管温度','°C','',null);
insert into YH_DEV_ATTR(devAtrrId,devtypeid,attrEnName,attrClass,attrCnName,attrUnit,attrDict,tabOrder) values ('7009','7','','回水','回水总管压力','bar','',null);
insert into YH_DEV_ATTR(devAtrrId,devtypeid,attrEnName,attrClass,attrCnName,attrUnit,attrDict,tabOrder) values ('7010','7','','回水','回水总管流量','CMH','',null);
insert into YH_DEV_ATTR(devAtrrId,devtypeid,attrEnName,attrClass,attrCnName,attrUnit,attrDict,tabOrder) values ('7011','7','','集水器','至高区','°C','',null);
insert into YH_DEV_ATTR(devAtrrId,devtypeid,attrEnName,attrClass,attrCnName,attrUnit,attrDict,tabOrder) values ('7012','7','','集水器','至裙楼','°C','',null);
insert into YH_DEV_ATTR(devAtrrId,devtypeid,attrEnName,attrClass,attrCnName,attrUnit,attrDict,tabOrder) values ('7013','7','','集水器','至塔楼','°C','',null);
insert into YH_DEV_ATTR(devAtrrId,devtypeid,attrEnName,attrClass,attrCnName,attrUnit,attrDict,tabOrder) values ('7014','7','','旁通阀','旁通阀控制','%','',null);
insert into YH_DEV_ATTR(devAtrrId,devtypeid,attrEnName,attrClass,attrCnName,attrUnit,attrDict,tabOrder) values ('7015','7','','旁通阀','旁通阀反馈','%','',null);
insert into YH_DEV_ATTR(devAtrrId,devtypeid,attrEnName,attrClass,attrCnName,attrUnit,attrDict,tabOrder) values ('7016','7','','总管压差','总管压差设定','bar','',null);
insert into YH_DEV_ATTR(devAtrrId,devtypeid,attrEnName,attrClass,attrCnName,attrUnit,attrDict,tabOrder) values ('7017','7','','总管压差','总管压差','bar','',null);
insert into YH_DEV_ATTR(devAtrrId,devtypeid,attrEnName,attrClass,attrCnName,attrUnit,attrDict,tabOrder) values ('7018','7','','分水器','至高区','°C','',null);
insert into YH_DEV_ATTR(devAtrrId,devtypeid,attrEnName,attrClass,attrCnName,attrUnit,attrDict,tabOrder) values ('7019','7','','分水器','至裙楼','°C','',null);
insert into YH_DEV_ATTR(devAtrrId,devtypeid,attrEnName,attrClass,attrCnName,attrUnit,attrDict,tabOrder) values ('7020','7','','分水器','至塔楼','°C','',null);
insert into YH_DEV_ATTR(devAtrrId,devtypeid,attrEnName,attrClass,attrCnName,attrUnit,attrDict,tabOrder) values ('7021','7','','供水','供水总管压力','bar','',null);
insert into YH_DEV_ATTR(devAtrrId,devtypeid,attrEnName,attrClass,attrCnName,attrUnit,attrDict,tabOrder) values ('7022','7','','供水','供水总管温度','°C','',null);
insert into YH_DEV_ATTR(devAtrrId,devtypeid,attrEnName,attrClass,attrCnName,attrUnit,attrDict,tabOrder) values ('7023','7','','38楼膨胀水箱','高水位报警','','trouble_warn',null);
insert into YH_DEV_ATTR(devAtrrId,devtypeid,attrEnName,attrClass,attrCnName,attrUnit,attrDict,tabOrder) values ('7024','7','','38楼膨胀水箱','低水位报警','','trouble_warn',null);
insert into YH_DEV_ATTR(devAtrrId,devtypeid,attrEnName,attrClass,attrCnName,attrUnit,attrDict,tabOrder) values ('10001','10','','','进水调节','%','',null);
insert into YH_DEV_ATTR(devAtrrId,devtypeid,attrEnName,attrClass,attrCnName,attrUnit,attrDict,tabOrder) values ('10002','10','','','进水反馈','%','',null);
insert into YH_DEV_ATTR(devAtrrId,devtypeid,attrEnName,attrClass,attrCnName,attrUnit,attrDict,tabOrder) values ('10003','10','','','一次侧进水温度','°C','',null);
insert into YH_DEV_ATTR(devAtrrId,devtypeid,attrEnName,attrClass,attrCnName,attrUnit,attrDict,tabOrder) values ('10004','10','','','一次侧出水温度','°C','',null);
insert into YH_DEV_ATTR(devAtrrId,devtypeid,attrEnName,attrClass,attrCnName,attrUnit,attrDict,tabOrder) values ('10005','10','','','二次侧进水温度','°C','',null);
insert into YH_DEV_ATTR(devAtrrId,devtypeid,attrEnName,attrClass,attrCnName,attrUnit,attrDict,tabOrder) values ('10006','10','','','二次侧出水温度','°C','',null);
insert into YH_DEV_ATTR(devAtrrId,devtypeid,attrEnName,attrClass,attrCnName,attrUnit,attrDict,tabOrder) values ('10007','10','','','水流开关','','running_state',null);
insert into YH_DEV_ATTR(devAtrrId,devtypeid,attrEnName,attrClass,attrCnName,attrUnit,attrDict,tabOrder) values ('11001','11','','','进水压力','bar','',null);
insert into YH_DEV_ATTR(devAtrrId,devtypeid,attrEnName,attrClass,attrCnName,attrUnit,attrDict,tabOrder) values ('11002','11','','','进水温度','°C','',null);
insert into YH_DEV_ATTR(devAtrrId,devtypeid,attrEnName,attrClass,attrCnName,attrUnit,attrDict,tabOrder) values ('11003','11','','','出水压力','bar','',null);
insert into YH_DEV_ATTR(devAtrrId,devtypeid,attrEnName,attrClass,attrCnName,attrUnit,attrDict,tabOrder) values ('11004','11','','','出水温度','°C','',null);
insert into YH_DEV_ATTR(devAtrrId,devtypeid,attrEnName,attrClass,attrCnName,attrUnit,attrDict,tabOrder) values ('11005','11','','','冷冻泵频率','Hz','',null);
insert into YH_DEV_ATTR(devAtrrId,devtypeid,attrEnName,attrClass,attrCnName,attrUnit,attrDict,tabOrder) values ('12001','12','','','开到位信号','','running_state',null);
insert into YH_DEV_ATTR(devAtrrId,devtypeid,attrEnName,attrClass,attrCnName,attrUnit,attrDict,tabOrder) values ('12002','12','','','关到位信号','','running_state',null);
insert into YH_DEV_ATTR(devAtrrId,devtypeid,attrEnName,attrClass,attrCnName,attrUnit,attrDict,tabOrder) values ('12003','12','','','手/自动','','hand_auto',null);
insert into YH_DEV_ATTR(devAtrrId,devtypeid,attrEnName,attrClass,attrCnName,attrUnit,attrDict,tabOrder) values ('12004','12','','','开控制','','start_stop',null);
insert into YH_DEV_ATTR(devAtrrId,devtypeid,attrEnName,attrClass,attrCnName,attrUnit,attrDict,tabOrder) values ('12005','12','','','关控制','','start_stop',null);
insert into YH_DEV_ATTR(devAtrrId,devtypeid,attrEnName,attrClass,attrCnName,attrUnit,attrDict,tabOrder) values ('13001','13','','','启停控制','','start_stop',null);
insert into YH_DEV_ATTR(devAtrrId,devtypeid,attrEnName,attrClass,attrCnName,attrUnit,attrDict,tabOrder) values ('13002','13','','','手/自动','','hand_auto',null);
insert into YH_DEV_ATTR(devAtrrId,devtypeid,attrEnName,attrClass,attrCnName,attrUnit,attrDict,tabOrder) values ('13003','13','','','运行信号','','running_state',null);
insert into YH_DEV_ATTR(devAtrrId,devtypeid,attrEnName,attrClass,attrCnName,attrUnit,attrDict,tabOrder) values ('13004','13','','','故障报警','','trouble_warn',null);
insert into YH_DEV_ATTR(devAtrrId,devtypeid,attrEnName,attrClass,attrCnName,attrUnit,attrDict,tabOrder) values ('13005','13','','','频率调节','Hz','',null);
insert into YH_DEV_ATTR(devAtrrId,devtypeid,attrEnName,attrClass,attrCnName,attrUnit,attrDict,tabOrder) values ('13006','13','','','频率反馈','Hz','',null);
insert into YH_DEV_ATTR(devAtrrId,devtypeid,attrEnName,attrClass,attrCnName,attrUnit,attrDict,tabOrder) values ('13007','13','','','累计运行','H','',null);
insert into YH_DEV_ATTR(devAtrrId,devtypeid,attrEnName,attrClass,attrCnName,attrUnit,attrDict,tabOrder) values ('8001','8','','控制面板','启停控制','','start_stop',null);
insert into YH_DEV_ATTR(devAtrrId,devtypeid,attrEnName,attrClass,attrCnName,attrUnit,attrDict,tabOrder) values ('8002','8','','控制面板','手/自动','','hand_auto',null);
insert into YH_DEV_ATTR(devAtrrId,devtypeid,attrEnName,attrClass,attrCnName,attrUnit,attrDict,tabOrder) values ('8003','8','','控制面板','超温报警','','trouble_warn',null);
insert into YH_DEV_ATTR(devAtrrId,devtypeid,attrEnName,attrClass,attrCnName,attrUnit,attrDict,tabOrder) values ('8004','8','','','出水温度设定','°C','',null);
insert into YH_DEV_ATTR(devAtrrId,devtypeid,attrEnName,attrClass,attrCnName,attrUnit,attrDict,tabOrder) values ('8005','8','','回水','回水总管温度','°C','',null);
insert into YH_DEV_ATTR(devAtrrId,devtypeid,attrEnName,attrClass,attrCnName,attrUnit,attrDict,tabOrder) values ('8006','8','','回水','回水总管压力','bar','',null);
insert into YH_DEV_ATTR(devAtrrId,devtypeid,attrEnName,attrClass,attrCnName,attrUnit,attrDict,tabOrder) values ('8007','8','','回水','回水总管流量','CMH','',null);
insert into YH_DEV_ATTR(devAtrrId,devtypeid,attrEnName,attrClass,attrCnName,attrUnit,attrDict,tabOrder) values ('8008','8','','总管压差','总管压差设定','bar','',null);
insert into YH_DEV_ATTR(devAtrrId,devtypeid,attrEnName,attrClass,attrCnName,attrUnit,attrDict,tabOrder) values ('8009','8','','总管压差','总管压差','bar','',null);
insert into YH_DEV_ATTR(devAtrrId,devtypeid,attrEnName,attrClass,attrCnName,attrUnit,attrDict,tabOrder) values ('8010','8','','供水','供水总管压力','bar','',null);
insert into YH_DEV_ATTR(devAtrrId,devtypeid,attrEnName,attrClass,attrCnName,attrUnit,attrDict,tabOrder) values ('8011','8','','供水','供水总管温度','°C','',null);
insert into YH_DEV_ATTR(devAtrrId,devtypeid,attrEnName,attrClass,attrCnName,attrUnit,attrDict,tabOrder) values ('8012','8','','55楼膨胀水箱','高水位报警','','trouble_warn',null);
insert into YH_DEV_ATTR(devAtrrId,devtypeid,attrEnName,attrClass,attrCnName,attrUnit,attrDict,tabOrder) values ('8013','8','','55楼膨胀水箱','低水位报警','','trouble_warn',null);
insert into YH_DEV_ATTR(devAtrrId,devtypeid,attrEnName,attrClass,attrCnName,attrUnit,attrDict,tabOrder) values ('1401','14','','','进水调节','%','',null);
insert into YH_DEV_ATTR(devAtrrId,devtypeid,attrEnName,attrClass,attrCnName,attrUnit,attrDict,tabOrder) values ('1402','14','','','进水反馈','%','',null);
insert into YH_DEV_ATTR(devAtrrId,devtypeid,attrEnName,attrClass,attrCnName,attrUnit,attrDict,tabOrder) values ('1403','14','','','一次侧进水温度','°C','',null);
insert into YH_DEV_ATTR(devAtrrId,devtypeid,attrEnName,attrClass,attrCnName,attrUnit,attrDict,tabOrder) values ('1404','14','','','一次侧出水温度','°C','',null);
insert into YH_DEV_ATTR(devAtrrId,devtypeid,attrEnName,attrClass,attrCnName,attrUnit,attrDict,tabOrder) values ('1405','14','','','二次侧进水温度','°C','',null);
insert into YH_DEV_ATTR(devAtrrId,devtypeid,attrEnName,attrClass,attrCnName,attrUnit,attrDict,tabOrder) values ('1406','14','','','二次侧出水温度','°C','',null);
insert into YH_DEV_ATTR(devAtrrId,devtypeid,attrEnName,attrClass,attrCnName,attrUnit,attrDict,tabOrder) values ('15001','15','','','进水压力','bar','',null);
insert into YH_DEV_ATTR(devAtrrId,devtypeid,attrEnName,attrClass,attrCnName,attrUnit,attrDict,tabOrder) values ('15002','15','','','进水温度','°C','',null);
insert into YH_DEV_ATTR(devAtrrId,devtypeid,attrEnName,attrClass,attrCnName,attrUnit,attrDict,tabOrder) values ('15003','15','','','出水压力','bar','',null);
insert into YH_DEV_ATTR(devAtrrId,devtypeid,attrEnName,attrClass,attrCnName,attrUnit,attrDict,tabOrder) values ('15004','15','','','出水温度','°C','',null);
insert into YH_DEV_ATTR(devAtrrId,devtypeid,attrEnName,attrClass,attrCnName,attrUnit,attrDict,tabOrder) values ('15005','15','','','冷冻泵频率','Hz','',null);
insert into YH_DEV_ATTR(devAtrrId,devtypeid,attrEnName,attrClass,attrCnName,attrUnit,attrDict,tabOrder) values ('16001','16','','','开到位信号','','running_state',null);
insert into YH_DEV_ATTR(devAtrrId,devtypeid,attrEnName,attrClass,attrCnName,attrUnit,attrDict,tabOrder) values ('16002','16','','','关到位信号','','running_state',null);
insert into YH_DEV_ATTR(devAtrrId,devtypeid,attrEnName,attrClass,attrCnName,attrUnit,attrDict,tabOrder) values ('16003','16','','','手/自动','','hand_auto',null);
insert into YH_DEV_ATTR(devAtrrId,devtypeid,attrEnName,attrClass,attrCnName,attrUnit,attrDict,tabOrder) values ('16004','16','','','开控制','','start_stop',null);
insert into YH_DEV_ATTR(devAtrrId,devtypeid,attrEnName,attrClass,attrCnName,attrUnit,attrDict,tabOrder) values ('16005','16','','','关控制','','start_stop',null);
insert into YH_DEV_ATTR(devAtrrId,devtypeid,attrEnName,attrClass,attrCnName,attrUnit,attrDict,tabOrder) values ('17001','17','','','启停控制','','start_stop',null);
insert into YH_DEV_ATTR(devAtrrId,devtypeid,attrEnName,attrClass,attrCnName,attrUnit,attrDict,tabOrder) values ('17002','17','','','手/自动','','hand_auto',null);
insert into YH_DEV_ATTR(devAtrrId,devtypeid,attrEnName,attrClass,attrCnName,attrUnit,attrDict,tabOrder) values ('17003','17','','','运行信号','','running_state',null);
insert into YH_DEV_ATTR(devAtrrId,devtypeid,attrEnName,attrClass,attrCnName,attrUnit,attrDict,tabOrder) values ('17004','17','','','故障报警','','trouble_warn',null);
insert into YH_DEV_ATTR(devAtrrId,devtypeid,attrEnName,attrClass,attrCnName,attrUnit,attrDict,tabOrder) values ('17005','17','','','频率调节','Hz','',null);
insert into YH_DEV_ATTR(devAtrrId,devtypeid,attrEnName,attrClass,attrCnName,attrUnit,attrDict,tabOrder) values ('17006','17','','','频率反馈','Hz','',null);
insert into YH_DEV_ATTR(devAtrrId,devtypeid,attrEnName,attrClass,attrCnName,attrUnit,attrDict,tabOrder) values ('17007','17','','','累计运行','H','',null);
insert into YH_DEV_ATTR(devAtrrId,devtypeid,attrEnName,attrClass,attrCnName,attrUnit,attrDict,tabOrder) values ('9001','9','','','运行状态','','running_state',null);
insert into YH_DEV_ATTR(devAtrrId,devtypeid,attrEnName,attrClass,attrCnName,attrUnit,attrDict,tabOrder) values ('9002','9','','','手/自动','','hand_auto',null);
insert into YH_DEV_ATTR(devAtrrId,devtypeid,attrEnName,attrClass,attrCnName,attrUnit,attrDict,tabOrder) values ('9003','9','','','启停控制','','start_stop',null);
insert into YH_DEV_ATTR(devAtrrId,devtypeid,attrEnName,attrClass,attrCnName,attrUnit,attrDict,tabOrder) values ('18001','18','','','状态','','trouble_warn',null);

