delete from YH_USER;
set character set utf8;
INSERT INTO YH_USER(userid,userenname,usercnname,roleid,password) values ('1','admin','管理员',null,'123');

delete from YH_DEV_TYPE;
INSERT INTO YH_DEV_TYPE(devTypeId,pareDevTypeId,devTypeName,isStoreHis,storeRate,storeDays) values ('101','','办公楼层空调柜机','1','60','60');
INSERT INTO YH_DEV_TYPE(devTypeId,pareDevTypeId,devTypeName,isStoreHis,storeRate,storeDays) values ('102','','群楼层空调','1','60','60');
INSERT INTO YH_DEV_TYPE(devTypeId,pareDevTypeId,devTypeName,isStoreHis,storeRate,storeDays) values ('103','','地下室空调','1','60','60');
INSERT INTO YH_DEV_TYPE(devTypeId,pareDevTypeId,devTypeName,isStoreHis,storeRate,storeDays) values ('104','','33楼大堂空调','1','60','60');
INSERT INTO YH_DEV_TYPE(devTypeId,pareDevTypeId,devTypeName,isStoreHis,storeRate,storeDays) values ('105','','群楼层新风机','1','60','60');
INSERT INTO YH_DEV_TYPE(devTypeId,pareDevTypeId,devTypeName,isStoreHis,storeRate,storeDays) values ('106','','避难层新风机','1','60','60');
INSERT INTO YH_DEV_TYPE(devTypeId,pareDevTypeId,devTypeName,isStoreHis,storeRate,storeDays) values ('107','','普通水阀1','1','60','60');
INSERT INTO YH_DEV_TYPE(devTypeId,pareDevTypeId,devTypeName,isStoreHis,storeRate,storeDays) values ('108','','普通水阀2','1','60','60');
INSERT INTO YH_DEV_TYPE(devTypeId,pareDevTypeId,devTypeName,isStoreHis,storeRate,storeDays) values ('109','','24小时水阀','1','60','60');
INSERT INTO YH_DEV_TYPE(devTypeId,pareDevTypeId,devTypeName,isStoreHis,storeRate,storeDays) values ('110','','送排风','1','60','60');
INSERT INTO YH_DEV_TYPE(devTypeId,pareDevTypeId,devTypeName,isStoreHis,storeRate,storeDays) values ('111','','普通照明','1','60','60');
INSERT INTO YH_DEV_TYPE(devTypeId,pareDevTypeId,devTypeName,isStoreHis,storeRate,storeDays) values ('112','','负一楼供冷','1','60','60');
INSERT INTO YH_DEV_TYPE(devTypeId,pareDevTypeId,devTypeName,isStoreHis,storeRate,storeDays) values ('113','','37层板换','1','60','60');
INSERT INTO YH_DEV_TYPE(devTypeId,pareDevTypeId,devTypeName,isStoreHis,storeRate,storeDays) values ('114','','热水、盘管、电加热、插座','1','60','60');
INSERT INTO YH_DEV_TYPE(devTypeId,pareDevTypeId,devTypeName,isStoreHis,storeRate,storeDays) values ('115','112','负一楼供冷系统板换','1','60','60');
INSERT INTO YH_DEV_TYPE(devTypeId,pareDevTypeId,devTypeName,isStoreHis,storeRate,storeDays) values ('116','112','负一楼供冷系统冷冻泵进出','1','60','60');
INSERT INTO YH_DEV_TYPE(devTypeId,pareDevTypeId,devTypeName,isStoreHis,storeRate,storeDays) values ('117','112','负一楼供冷系统板换二次侧蝶阀','1','60','60');
INSERT INTO YH_DEV_TYPE(devTypeId,pareDevTypeId,devTypeName,isStoreHis,storeRate,storeDays) values ('118','112','负一楼供冷冷冻泵','1','60','60');
INSERT INTO YH_DEV_TYPE(devTypeId,pareDevTypeId,devTypeName,isStoreHis,storeRate,storeDays) values ('119','113','37层板换系统板换','1','60','60');
INSERT INTO YH_DEV_TYPE(devTypeId,pareDevTypeId,devTypeName,isStoreHis,storeRate,storeDays) values ('120','113','37层板换系统冷冻泵进出','1','60','60');
INSERT INTO YH_DEV_TYPE(devTypeId,pareDevTypeId,devTypeName,isStoreHis,storeRate,storeDays) values ('121','113','37层板换系统蝶阀','1','60','60');
INSERT INTO YH_DEV_TYPE(devTypeId,pareDevTypeId,devTypeName,isStoreHis,storeRate,storeDays) values ('122','113','37层板换系统冷冻泵','1','60','60');
INSERT INTO YH_DEV_TYPE(devTypeId,pareDevTypeId,devTypeName,isStoreHis,storeRate,storeDays) values ('123','','溢水报警','1','60','60');
INSERT INTO YH_DEV_TYPE(devTypeId,pareDevTypeId,devTypeName,isStoreHis,storeRate,storeDays) values ('124','','应急照明','1','60','60');
INSERT INTO YH_DEV_TYPE(devTypeId,pareDevTypeId,devTypeName,isStoreHis,storeRate,storeDays) values ('125','','天面','1','60','60');




delete from YH_DEV_ATTR;
set character set utf8;
INSERT INTO YH_DEV_ATTR(devAttrId,devtypeid,attrClass,attrEnName,attrCnName,attrUnit,attrDict,attrWidth,tabOrder) values ('101001','101','控制面板','','启停控制','','start_stop','','9');
INSERT INTO YH_DEV_ATTR(devAttrId,devtypeid,attrClass,attrEnName,attrCnName,attrUnit,attrDict,attrWidth,tabOrder) values ('101002','101','控制面板','','手/自动','','hand_auto','',null);
INSERT INTO YH_DEV_ATTR(devAttrId,devtypeid,attrClass,attrEnName,attrCnName,attrUnit,attrDict,attrWidth,tabOrder) values ('101003','101','控制面板','','运行状态','','running_state','','1');
INSERT INTO YH_DEV_ATTR(devAttrId,devtypeid,attrClass,attrEnName,attrCnName,attrUnit,attrDict,attrWidth,tabOrder) values ('101004','101','控制面板','','故障报警','','trouble_warn','',null);
INSERT INTO YH_DEV_ATTR(devAttrId,devtypeid,attrClass,attrEnName,attrCnName,attrUnit,attrDict,attrWidth,tabOrder) values ('101005','101','新风','','新风阀控制','%','','',null);
INSERT INTO YH_DEV_ATTR(devAttrId,devtypeid,attrClass,attrEnName,attrCnName,attrUnit,attrDict,attrWidth,tabOrder) values ('101006','101','新风','','新风阀反馈','%','','',null);
INSERT INTO YH_DEV_ATTR(devAttrId,devtypeid,attrClass,attrEnName,attrCnName,attrUnit,attrDict,attrWidth,tabOrder) values ('101007','101','滤网水阀','','滤网报警','','trouble_warn','',null);
INSERT INTO YH_DEV_ATTR(devAttrId,devtypeid,attrClass,attrEnName,attrCnName,attrUnit,attrDict,attrWidth,tabOrder) values ('101008','101','滤网水阀','','水阀调节','%','','','8');
INSERT INTO YH_DEV_ATTR(devAttrId,devtypeid,attrClass,attrEnName,attrCnName,attrUnit,attrDict,attrWidth,tabOrder) values ('101009','101','滤网水阀','','水阀反馈','%','','','7');
INSERT INTO YH_DEV_ATTR(devAttrId,devtypeid,attrClass,attrEnName,attrCnName,attrUnit,attrDict,attrWidth,tabOrder) values ('101010','101','回风','','回风温度','°C','','',null);
INSERT INTO YH_DEV_ATTR(devAttrId,devtypeid,attrClass,attrEnName,attrCnName,attrUnit,attrDict,attrWidth,tabOrder) values ('101011','101','回风','','回风湿度','%','','',null);
INSERT INTO YH_DEV_ATTR(devAttrId,devtypeid,attrClass,attrEnName,attrCnName,attrUnit,attrDict,attrWidth,tabOrder) values ('101012','101','回风','','CO2浓度','PPM','','',null);
INSERT INTO YH_DEV_ATTR(devAttrId,devtypeid,attrClass,attrEnName,attrCnName,attrUnit,attrDict,attrWidth,tabOrder) values ('101013','101','回风','','CO2浓度设定','PPM','','',null);
INSERT INTO YH_DEV_ATTR(devAttrId,devtypeid,attrClass,attrEnName,attrCnName,attrUnit,attrDict,attrWidth,tabOrder) values ('101014','101','频率','','频率调节','HZ','','','2');
INSERT INTO YH_DEV_ATTR(devAttrId,devtypeid,attrClass,attrEnName,attrCnName,attrUnit,attrDict,attrWidth,tabOrder) values ('101015','101','频率','','频率反馈','HZ','','','3');
INSERT INTO YH_DEV_ATTR(devAttrId,devtypeid,attrClass,attrEnName,attrCnName,attrUnit,attrDict,attrWidth,tabOrder) values ('101016','101','送风','','送风温度','°C','','','4');
INSERT INTO YH_DEV_ATTR(devAttrId,devtypeid,attrClass,attrEnName,attrCnName,attrUnit,attrDict,attrWidth,tabOrder) values ('101017','101','送风','','送风温度设定','°C','','',null);
INSERT INTO YH_DEV_ATTR(devAttrId,devtypeid,attrClass,attrEnName,attrCnName,attrUnit,attrDict,attrWidth,tabOrder) values ('101018','101','风管静压','','风管静压1','Pa','','','5');
INSERT INTO YH_DEV_ATTR(devAttrId,devtypeid,attrClass,attrEnName,attrCnName,attrUnit,attrDict,attrWidth,tabOrder) values ('101019','101','风管静压','','风管静压2','Pa','','','6');
INSERT INTO YH_DEV_ATTR(devAttrId,devtypeid,attrClass,attrEnName,attrCnName,attrUnit,attrDict,attrWidth,tabOrder) values ('101020','101','风管静压','','静压设定','Pa','','',null);
INSERT INTO YH_DEV_ATTR(devAttrId,devtypeid,attrClass,attrEnName,attrCnName,attrUnit,attrDict,attrWidth,tabOrder) values ('101021','101','环形风阀','','环形风阀开控制','','start_stop','',null);
INSERT INTO YH_DEV_ATTR(devAttrId,devtypeid,attrClass,attrEnName,attrCnName,attrUnit,attrDict,attrWidth,tabOrder) values ('101022','101','环形风阀','','环形风阀开状态','','running_state','',null);
INSERT INTO YH_DEV_ATTR(devAttrId,devtypeid,attrClass,attrEnName,attrCnName,attrUnit,attrDict,attrWidth,tabOrder) values ('101023','101','环形风阀','','环形风阀关控制','','start_stop','',null);
INSERT INTO YH_DEV_ATTR(devAttrId,devtypeid,attrClass,attrEnName,attrCnName,attrUnit,attrDict,attrWidth,tabOrder) values ('101024','101','环形风阀','','环形风阀关状态','','running_state','',null);
INSERT INTO YH_DEV_ATTR(devAttrId,devtypeid,attrClass,attrEnName,attrCnName,attrUnit,attrDict,attrWidth,tabOrder) values ('101025','101','','','控制级别','','','',null);
INSERT INTO YH_DEV_ATTR(devAttrId,devtypeid,attrClass,attrEnName,attrCnName,attrUnit,attrDict,attrWidth,tabOrder) values ('101026','101','','','电加热模式','','ele','',null);
INSERT INTO YH_DEV_ATTR(devAttrId,devtypeid,attrClass,attrEnName,attrCnName,attrUnit,attrDict,attrWidth,tabOrder) values ('101027','101','','','新风风量','CMH','','',null);
INSERT INTO YH_DEV_ATTR(devAttrId,devtypeid,attrClass,attrEnName,attrCnName,attrUnit,attrDict,attrWidth,tabOrder) values ('102001','102','','','启停控制','','start_stop','',null);
INSERT INTO YH_DEV_ATTR(devAttrId,devtypeid,attrClass,attrEnName,attrCnName,attrUnit,attrDict,attrWidth,tabOrder) values ('102002','102','','','手/自动','','hand_auto','',null);
INSERT INTO YH_DEV_ATTR(devAttrId,devtypeid,attrClass,attrEnName,attrCnName,attrUnit,attrDict,attrWidth,tabOrder) values ('102003','102','','','故障报警','','trouble_warn','',null);
INSERT INTO YH_DEV_ATTR(devAttrId,devtypeid,attrClass,attrEnName,attrCnName,attrUnit,attrDict,attrWidth,tabOrder) values ('102004','102','','','运行状态','','running_state','',null);
INSERT INTO YH_DEV_ATTR(devAttrId,devtypeid,attrClass,attrEnName,attrCnName,attrUnit,attrDict,attrWidth,tabOrder) values ('102005','102','','','冷水阀调节','','','',null);
INSERT INTO YH_DEV_ATTR(devAttrId,devtypeid,attrClass,attrEnName,attrCnName,attrUnit,attrDict,attrWidth,tabOrder) values ('102006','102','','','冷水阀反馈','','','',null);
INSERT INTO YH_DEV_ATTR(devAttrId,devtypeid,attrClass,attrEnName,attrCnName,attrUnit,attrDict,attrWidth,tabOrder) values ('102007','102','','','初滤网报警','','','',null);
INSERT INTO YH_DEV_ATTR(devAttrId,devtypeid,attrClass,attrEnName,attrCnName,attrUnit,attrDict,attrWidth,tabOrder) values ('102008','102','','','环境温度设定','','','',null);
INSERT INTO YH_DEV_ATTR(devAttrId,devtypeid,attrClass,attrEnName,attrCnName,attrUnit,attrDict,attrWidth,tabOrder) values ('102009','102','','','送风温度','','','',null);
INSERT INTO YH_DEV_ATTR(devAttrId,devtypeid,attrClass,attrEnName,attrCnName,attrUnit,attrDict,attrWidth,tabOrder) values ('103001','103','','','启停控制','','','',null);
INSERT INTO YH_DEV_ATTR(devAttrId,devtypeid,attrClass,attrEnName,attrCnName,attrUnit,attrDict,attrWidth,tabOrder) values ('103002','103','','','运行状态','','running_state','',null);
INSERT INTO YH_DEV_ATTR(devAttrId,devtypeid,attrClass,attrEnName,attrCnName,attrUnit,attrDict,attrWidth,tabOrder) values ('103003','103','','','手/自动','','hand_auto','',null);
INSERT INTO YH_DEV_ATTR(devAttrId,devtypeid,attrClass,attrEnName,attrCnName,attrUnit,attrDict,attrWidth,tabOrder) values ('103004','103','','','故障报警','','trouble_warn','',null);
INSERT INTO YH_DEV_ATTR(devAttrId,devtypeid,attrClass,attrEnName,attrCnName,attrUnit,attrDict,attrWidth,tabOrder) values ('103005','103','','','送风温度','','','',null);
INSERT INTO YH_DEV_ATTR(devAttrId,devtypeid,attrClass,attrEnName,attrCnName,attrUnit,attrDict,attrWidth,tabOrder) values ('103006','103','','','回风温度','','','',null);
INSERT INTO YH_DEV_ATTR(devAttrId,devtypeid,attrClass,attrEnName,attrCnName,attrUnit,attrDict,attrWidth,tabOrder) values ('103007','103','','','冷水阀调节','','','',null);
INSERT INTO YH_DEV_ATTR(devAttrId,devtypeid,attrClass,attrEnName,attrCnName,attrUnit,attrDict,attrWidth,tabOrder) values ('103008','103','','','冷水阀反馈','','','',null);
INSERT INTO YH_DEV_ATTR(devAttrId,devtypeid,attrClass,attrEnName,attrCnName,attrUnit,attrDict,attrWidth,tabOrder) values ('103009','103','','','初滤网报警','','','',null);
INSERT INTO YH_DEV_ATTR(devAttrId,devtypeid,attrClass,attrEnName,attrCnName,attrUnit,attrDict,attrWidth,tabOrder) values ('103010','103','','','环境温度设定','','','',null);
INSERT INTO YH_DEV_ATTR(devAttrId,devtypeid,attrClass,attrEnName,attrCnName,attrUnit,attrDict,attrWidth,tabOrder) values ('104001','104','','','运行状态','','running_state','',null);
INSERT INTO YH_DEV_ATTR(devAttrId,devtypeid,attrClass,attrEnName,attrCnName,attrUnit,attrDict,attrWidth,tabOrder) values ('104002','104','','','启停控制','','','',null);
INSERT INTO YH_DEV_ATTR(devAttrId,devtypeid,attrClass,attrEnName,attrCnName,attrUnit,attrDict,attrWidth,tabOrder) values ('104003','104','','','手/自动','','hand_auto','',null);
INSERT INTO YH_DEV_ATTR(devAttrId,devtypeid,attrClass,attrEnName,attrCnName,attrUnit,attrDict,attrWidth,tabOrder) values ('104004','104','','','故障报警','','','',null);
INSERT INTO YH_DEV_ATTR(devAttrId,devtypeid,attrClass,attrEnName,attrCnName,attrUnit,attrDict,attrWidth,tabOrder) values ('104005','104','','','滤网报警','','','',null);
INSERT INTO YH_DEV_ATTR(devAttrId,devtypeid,attrClass,attrEnName,attrCnName,attrUnit,attrDict,attrWidth,tabOrder) values ('104006','104','','','水阀调节','','','',null);
INSERT INTO YH_DEV_ATTR(devAttrId,devtypeid,attrClass,attrEnName,attrCnName,attrUnit,attrDict,attrWidth,tabOrder) values ('104007','104','','','水阀反馈','','','',null);
INSERT INTO YH_DEV_ATTR(devAttrId,devtypeid,attrClass,attrEnName,attrCnName,attrUnit,attrDict,attrWidth,tabOrder) values ('104008','104','','','回风温度','','','',null);
INSERT INTO YH_DEV_ATTR(devAttrId,devtypeid,attrClass,attrEnName,attrCnName,attrUnit,attrDict,attrWidth,tabOrder) values ('104009','104','','','环境温度设定','','','',null);
INSERT INTO YH_DEV_ATTR(devAttrId,devtypeid,attrClass,attrEnName,attrCnName,attrUnit,attrDict,attrWidth,tabOrder) values ('104010','104','','','送风温度','','','',null);
INSERT INTO YH_DEV_ATTR(devAttrId,devtypeid,attrClass,attrEnName,attrCnName,attrUnit,attrDict,attrWidth,tabOrder) values ('105001','105','','','启停控制','','start_stop','',null);
INSERT INTO YH_DEV_ATTR(devAttrId,devtypeid,attrClass,attrEnName,attrCnName,attrUnit,attrDict,attrWidth,tabOrder) values ('105002','105','','','手/自动','','hand_auto','',null);
INSERT INTO YH_DEV_ATTR(devAttrId,devtypeid,attrClass,attrEnName,attrCnName,attrUnit,attrDict,attrWidth,tabOrder) values ('105003','105','','','故障报警','','','',null);
INSERT INTO YH_DEV_ATTR(devAttrId,devtypeid,attrClass,attrEnName,attrCnName,attrUnit,attrDict,attrWidth,tabOrder) values ('105004','105','','','运行状态','','running_state','',null);
INSERT INTO YH_DEV_ATTR(devAttrId,devtypeid,attrClass,attrEnName,attrCnName,attrUnit,attrDict,attrWidth,tabOrder) values ('105005','105','','','冷水阀调节','','','',null);
INSERT INTO YH_DEV_ATTR(devAttrId,devtypeid,attrClass,attrEnName,attrCnName,attrUnit,attrDict,attrWidth,tabOrder) values ('105006','105','','','冷水阀反馈','','','',null);
INSERT INTO YH_DEV_ATTR(devAttrId,devtypeid,attrClass,attrEnName,attrCnName,attrUnit,attrDict,attrWidth,tabOrder) values ('105007','105','','','初滤网报警','','','',null);
INSERT INTO YH_DEV_ATTR(devAttrId,devtypeid,attrClass,attrEnName,attrCnName,attrUnit,attrDict,attrWidth,tabOrder) values ('105008','105','','','环境温度设定','','','',null);
INSERT INTO YH_DEV_ATTR(devAttrId,devtypeid,attrClass,attrEnName,attrCnName,attrUnit,attrDict,attrWidth,tabOrder) values ('105009','105','','','送风温度','','','',null);
INSERT INTO YH_DEV_ATTR(devAttrId,devtypeid,attrClass,attrEnName,attrCnName,attrUnit,attrDict,attrWidth,tabOrder) values ('106001','106','','','运行状态','','running_state','',null);
INSERT INTO YH_DEV_ATTR(devAttrId,devtypeid,attrClass,attrEnName,attrCnName,attrUnit,attrDict,attrWidth,tabOrder) values ('106002','106','','','启停控制','','start_stop','',null);
INSERT INTO YH_DEV_ATTR(devAttrId,devtypeid,attrClass,attrEnName,attrCnName,attrUnit,attrDict,attrWidth,tabOrder) values ('106003','106','','','手/自动','','hand_auto','',null);
INSERT INTO YH_DEV_ATTR(devAttrId,devtypeid,attrClass,attrEnName,attrCnName,attrUnit,attrDict,attrWidth,tabOrder) values ('106004','106','','','故障报警','','','',null);
INSERT INTO YH_DEV_ATTR(devAttrId,devtypeid,attrClass,attrEnName,attrCnName,attrUnit,attrDict,attrWidth,tabOrder) values ('106005','106','','','送风温度','','','',null);
INSERT INTO YH_DEV_ATTR(devAttrId,devtypeid,attrClass,attrEnName,attrCnName,attrUnit,attrDict,attrWidth,tabOrder) values ('106006','106','','','环境温度设定','','','',null);
INSERT INTO YH_DEV_ATTR(devAttrId,devtypeid,attrClass,attrEnName,attrCnName,attrUnit,attrDict,attrWidth,tabOrder) values ('106007','106','','','滤网报警','','','',null);
INSERT INTO YH_DEV_ATTR(devAttrId,devtypeid,attrClass,attrEnName,attrCnName,attrUnit,attrDict,attrWidth,tabOrder) values ('106008','106','','','水阀调节','','','',null);
INSERT INTO YH_DEV_ATTR(devAttrId,devtypeid,attrClass,attrEnName,attrCnName,attrUnit,attrDict,attrWidth,tabOrder) values ('106009','106','','','水阀反馈','','','',null);
INSERT INTO YH_DEV_ATTR(devAttrId,devtypeid,attrClass,attrEnName,attrCnName,attrUnit,attrDict,attrWidth,tabOrder) values ('106010','106','','','频率调节','','','',null);
INSERT INTO YH_DEV_ATTR(devAttrId,devtypeid,attrClass,attrEnName,attrCnName,attrUnit,attrDict,attrWidth,tabOrder) values ('106011','106','','','频率反馈','','','',null);
INSERT INTO YH_DEV_ATTR(devAttrId,devtypeid,attrClass,attrEnName,attrCnName,attrUnit,attrDict,attrWidth,tabOrder) values ('106012','106','','','管井静压','','','',null);
INSERT INTO YH_DEV_ATTR(devAttrId,devtypeid,attrClass,attrEnName,attrCnName,attrUnit,attrDict,attrWidth,tabOrder) values ('106013','106','','','静压设定','','','',null);
INSERT INTO YH_DEV_ATTR(devAttrId,devtypeid,attrClass,attrEnName,attrCnName,attrUnit,attrDict,attrWidth,tabOrder) values ('107001','107','','','开控制','','','',null);
INSERT INTO YH_DEV_ATTR(devAttrId,devtypeid,attrClass,attrEnName,attrCnName,attrUnit,attrDict,attrWidth,tabOrder) values ('107002','107','','','关控制','','','',null);
INSERT INTO YH_DEV_ATTR(devAttrId,devtypeid,attrClass,attrEnName,attrCnName,attrUnit,attrDict,attrWidth,tabOrder) values ('108001','108','','','开/关控制','','','',null);
INSERT INTO YH_DEV_ATTR(devAttrId,devtypeid,attrClass,attrEnName,attrCnName,attrUnit,attrDict,attrWidth,tabOrder) values ('109001','109','','','开控制','','','',null);
INSERT INTO YH_DEV_ATTR(devAttrId,devtypeid,attrClass,attrEnName,attrCnName,attrUnit,attrDict,attrWidth,tabOrder) values ('109002','109','','','关控制','','','',null);
INSERT INTO YH_DEV_ATTR(devAttrId,devtypeid,attrClass,attrEnName,attrCnName,attrUnit,attrDict,attrWidth,tabOrder) values ('110001','110','','','启停控制','','start_stop','',null);
INSERT INTO YH_DEV_ATTR(devAttrId,devtypeid,attrClass,attrEnName,attrCnName,attrUnit,attrDict,attrWidth,tabOrder) values ('110002','110','','','运行状态','','running_state','',null);
INSERT INTO YH_DEV_ATTR(devAttrId,devtypeid,attrClass,attrEnName,attrCnName,attrUnit,attrDict,attrWidth,tabOrder) values ('110003','110','','','手/自动','','hand_auto','',null);
INSERT INTO YH_DEV_ATTR(devAttrId,devtypeid,attrClass,attrEnName,attrCnName,attrUnit,attrDict,attrWidth,tabOrder) values ('110004','110','','','故障报警','','trouble_warn','',null);
INSERT INTO YH_DEV_ATTR(devAttrId,devtypeid,attrClass,attrEnName,attrCnName,attrUnit,attrDict,attrWidth,tabOrder) values ('110005','110','','','风阀调节','','','',null);
INSERT INTO YH_DEV_ATTR(devAttrId,devtypeid,attrClass,attrEnName,attrCnName,attrUnit,attrDict,attrWidth,tabOrder) values ('110006','110','','','风阀反馈','','','',null);
INSERT INTO YH_DEV_ATTR(devAttrId,devtypeid,attrClass,attrEnName,attrCnName,attrUnit,attrDict,attrWidth,tabOrder) values ('110007','110','','','风量反馈','','','',null);
INSERT INTO YH_DEV_ATTR(devAttrId,devtypeid,attrClass,attrEnName,attrCnName,attrUnit,attrDict,attrWidth,tabOrder) values ('111001','111','','','运行状态','','running_state','',null);
INSERT INTO YH_DEV_ATTR(devAttrId,devtypeid,attrClass,attrEnName,attrCnName,attrUnit,attrDict,attrWidth,tabOrder) values ('111002','111','','','手自动','','hand_auto','',null);
INSERT INTO YH_DEV_ATTR(devAttrId,devtypeid,attrClass,attrEnName,attrCnName,attrUnit,attrDict,attrWidth,tabOrder) values ('111003','111','','','启停控制','','start_stop','',null);
INSERT INTO YH_DEV_ATTR(devAttrId,devtypeid,attrClass,attrEnName,attrCnName,attrUnit,attrDict,attrWidth,tabOrder) values ('112001','112','控制面板','','启停控制','','start_stop','',null);
INSERT INTO YH_DEV_ATTR(devAttrId,devtypeid,attrClass,attrEnName,attrCnName,attrUnit,attrDict,attrWidth,tabOrder) values ('112002','112','控制面板','','手/自动','','hand_auto','',null);
INSERT INTO YH_DEV_ATTR(devAttrId,devtypeid,attrClass,attrEnName,attrCnName,attrUnit,attrDict,attrWidth,tabOrder) values ('112003','112','控制面板','','超温报警','','trouble_warn','',null);
INSERT INTO YH_DEV_ATTR(devAttrId,devtypeid,attrClass,attrEnName,attrCnName,attrUnit,attrDict,attrWidth,tabOrder) values ('112004','112','室外','','室外温度','°C','','',null);
INSERT INTO YH_DEV_ATTR(devAttrId,devtypeid,attrClass,attrEnName,attrCnName,attrUnit,attrDict,attrWidth,tabOrder) values ('112005','112','室外','','室外湿度','%','','',null);
INSERT INTO YH_DEV_ATTR(devAttrId,devtypeid,attrClass,attrEnName,attrCnName,attrUnit,attrDict,attrWidth,tabOrder) values ('112006','112','','','出水温度设定','°C','','',null);
INSERT INTO YH_DEV_ATTR(devAttrId,devtypeid,attrClass,attrEnName,attrCnName,attrUnit,attrDict,attrWidth,tabOrder) values ('112007','112','','','供水瞬时流量','CMH','','',null);
INSERT INTO YH_DEV_ATTR(devAttrId,devtypeid,attrClass,attrEnName,attrCnName,attrUnit,attrDict,attrWidth,tabOrder) values ('112008','112','回水','','回水总管温度','°C','','',null);
INSERT INTO YH_DEV_ATTR(devAttrId,devtypeid,attrClass,attrEnName,attrCnName,attrUnit,attrDict,attrWidth,tabOrder) values ('112009','112','回水','','回水总管压力','bar','','',null);
INSERT INTO YH_DEV_ATTR(devAttrId,devtypeid,attrClass,attrEnName,attrCnName,attrUnit,attrDict,attrWidth,tabOrder) values ('112010','112','回水','','回水总管流量','CMH','','',null);
INSERT INTO YH_DEV_ATTR(devAttrId,devtypeid,attrClass,attrEnName,attrCnName,attrUnit,attrDict,attrWidth,tabOrder) values ('112011','112','集水器','','至高区','°C','','',null);
INSERT INTO YH_DEV_ATTR(devAttrId,devtypeid,attrClass,attrEnName,attrCnName,attrUnit,attrDict,attrWidth,tabOrder) values ('112012','112','集水器','','至裙楼','°C','','',null);
INSERT INTO YH_DEV_ATTR(devAttrId,devtypeid,attrClass,attrEnName,attrCnName,attrUnit,attrDict,attrWidth,tabOrder) values ('112013','112','集水器','','至塔楼','°C','','',null);
INSERT INTO YH_DEV_ATTR(devAttrId,devtypeid,attrClass,attrEnName,attrCnName,attrUnit,attrDict,attrWidth,tabOrder) values ('112014','112','旁通阀','','旁通阀控制','%','','',null);
INSERT INTO YH_DEV_ATTR(devAttrId,devtypeid,attrClass,attrEnName,attrCnName,attrUnit,attrDict,attrWidth,tabOrder) values ('112015','112','旁通阀','','旁通阀反馈','%','','',null);
INSERT INTO YH_DEV_ATTR(devAttrId,devtypeid,attrClass,attrEnName,attrCnName,attrUnit,attrDict,attrWidth,tabOrder) values ('112016','112','总管压差','','总管压差设定','bar','','',null);
INSERT INTO YH_DEV_ATTR(devAttrId,devtypeid,attrClass,attrEnName,attrCnName,attrUnit,attrDict,attrWidth,tabOrder) values ('112017','112','总管压差','','总管压差','bar','','',null);
INSERT INTO YH_DEV_ATTR(devAttrId,devtypeid,attrClass,attrEnName,attrCnName,attrUnit,attrDict,attrWidth,tabOrder) values ('112018','112','分水器','','至高区','°C','','',null);
INSERT INTO YH_DEV_ATTR(devAttrId,devtypeid,attrClass,attrEnName,attrCnName,attrUnit,attrDict,attrWidth,tabOrder) values ('112019','112','分水器','','至裙楼','°C','','',null);
INSERT INTO YH_DEV_ATTR(devAttrId,devtypeid,attrClass,attrEnName,attrCnName,attrUnit,attrDict,attrWidth,tabOrder) values ('112020','112','分水器','','至塔楼','°C','','',null);
INSERT INTO YH_DEV_ATTR(devAttrId,devtypeid,attrClass,attrEnName,attrCnName,attrUnit,attrDict,attrWidth,tabOrder) values ('112021','112','供水','','供水总管压力','bar','','',null);
INSERT INTO YH_DEV_ATTR(devAttrId,devtypeid,attrClass,attrEnName,attrCnName,attrUnit,attrDict,attrWidth,tabOrder) values ('112022','112','供水','','供水总管温度','°C','','',null);
INSERT INTO YH_DEV_ATTR(devAttrId,devtypeid,attrClass,attrEnName,attrCnName,attrUnit,attrDict,attrWidth,tabOrder) values ('112023','112','38楼膨胀水箱','','高水位报警','','trouble_warn','',null);
INSERT INTO YH_DEV_ATTR(devAttrId,devtypeid,attrClass,attrEnName,attrCnName,attrUnit,attrDict,attrWidth,tabOrder) values ('112024','112','38楼膨胀水箱','','低水位报警','','trouble_warn','',null);
INSERT INTO YH_DEV_ATTR(devAttrId,devtypeid,attrClass,attrEnName,attrCnName,attrUnit,attrDict,attrWidth,tabOrder) values ('113001','113','控制面板','','启停控制','','start_stop','',null);
INSERT INTO YH_DEV_ATTR(devAttrId,devtypeid,attrClass,attrEnName,attrCnName,attrUnit,attrDict,attrWidth,tabOrder) values ('113002','113','控制面板','','手/自动','','hand_auto','',null);
INSERT INTO YH_DEV_ATTR(devAttrId,devtypeid,attrClass,attrEnName,attrCnName,attrUnit,attrDict,attrWidth,tabOrder) values ('113003','113','控制面板','','超温报警','','trouble_warn','',null);
INSERT INTO YH_DEV_ATTR(devAttrId,devtypeid,attrClass,attrEnName,attrCnName,attrUnit,attrDict,attrWidth,tabOrder) values ('113004','113','','','出水温度设定','°C','','',null);
INSERT INTO YH_DEV_ATTR(devAttrId,devtypeid,attrClass,attrEnName,attrCnName,attrUnit,attrDict,attrWidth,tabOrder) values ('113005','113','回水','','回水总管温度','°C','','',null);
INSERT INTO YH_DEV_ATTR(devAttrId,devtypeid,attrClass,attrEnName,attrCnName,attrUnit,attrDict,attrWidth,tabOrder) values ('113006','113','回水','','回水总管压力','bar','','',null);
INSERT INTO YH_DEV_ATTR(devAttrId,devtypeid,attrClass,attrEnName,attrCnName,attrUnit,attrDict,attrWidth,tabOrder) values ('113007','113','回水','','回水总管流量','CMH','','',null);
INSERT INTO YH_DEV_ATTR(devAttrId,devtypeid,attrClass,attrEnName,attrCnName,attrUnit,attrDict,attrWidth,tabOrder) values ('113008','113','总管压差','','总管压差设定','bar','','',null);
INSERT INTO YH_DEV_ATTR(devAttrId,devtypeid,attrClass,attrEnName,attrCnName,attrUnit,attrDict,attrWidth,tabOrder) values ('113009','113','总管压差','','总管压差','bar','','',null);
INSERT INTO YH_DEV_ATTR(devAttrId,devtypeid,attrClass,attrEnName,attrCnName,attrUnit,attrDict,attrWidth,tabOrder) values ('113010','113','供水','','供水总管压力','bar','','',null);
INSERT INTO YH_DEV_ATTR(devAttrId,devtypeid,attrClass,attrEnName,attrCnName,attrUnit,attrDict,attrWidth,tabOrder) values ('113011','113','供水','','供水总管温度','°C','','',null);
INSERT INTO YH_DEV_ATTR(devAttrId,devtypeid,attrClass,attrEnName,attrCnName,attrUnit,attrDict,attrWidth,tabOrder) values ('113012','113','55楼膨胀水箱','','高水位报警','','trouble_warn','',null);
INSERT INTO YH_DEV_ATTR(devAttrId,devtypeid,attrClass,attrEnName,attrCnName,attrUnit,attrDict,attrWidth,tabOrder) values ('113013','113','55楼膨胀水箱','','低水位报警','','trouble_warn','',null);
INSERT INTO YH_DEV_ATTR(devAttrId,devtypeid,attrClass,attrEnName,attrCnName,attrUnit,attrDict,attrWidth,tabOrder) values ('114001','114','','','运行状态','','running_state','',null);
INSERT INTO YH_DEV_ATTR(devAttrId,devtypeid,attrClass,attrEnName,attrCnName,attrUnit,attrDict,attrWidth,tabOrder) values ('114002','114','','','手/自动','','hand_auto','',null);
INSERT INTO YH_DEV_ATTR(devAttrId,devtypeid,attrClass,attrEnName,attrCnName,attrUnit,attrDict,attrWidth,tabOrder) values ('114003','114','','','启停控制','','start_stop','',null);
INSERT INTO YH_DEV_ATTR(devAttrId,devtypeid,attrClass,attrEnName,attrCnName,attrUnit,attrDict,attrWidth,tabOrder) values ('115001','115','','','进水调节','%','','',null);
INSERT INTO YH_DEV_ATTR(devAttrId,devtypeid,attrClass,attrEnName,attrCnName,attrUnit,attrDict,attrWidth,tabOrder) values ('115002','115','','','进水反馈','%','','',null);
INSERT INTO YH_DEV_ATTR(devAttrId,devtypeid,attrClass,attrEnName,attrCnName,attrUnit,attrDict,attrWidth,tabOrder) values ('115003','115','','','一次侧进水温度','°C','','',null);
INSERT INTO YH_DEV_ATTR(devAttrId,devtypeid,attrClass,attrEnName,attrCnName,attrUnit,attrDict,attrWidth,tabOrder) values ('115004','115','','','一次侧出水温度','°C','','',null);
INSERT INTO YH_DEV_ATTR(devAttrId,devtypeid,attrClass,attrEnName,attrCnName,attrUnit,attrDict,attrWidth,tabOrder) values ('115005','115','','','二次侧进水温度','°C','','',null);
INSERT INTO YH_DEV_ATTR(devAttrId,devtypeid,attrClass,attrEnName,attrCnName,attrUnit,attrDict,attrWidth,tabOrder) values ('115006','115','','','二次侧出水温度','°C','','',null);
INSERT INTO YH_DEV_ATTR(devAttrId,devtypeid,attrClass,attrEnName,attrCnName,attrUnit,attrDict,attrWidth,tabOrder) values ('115007','115','','','水流开关','','running_state','',null);
INSERT INTO YH_DEV_ATTR(devAttrId,devtypeid,attrClass,attrEnName,attrCnName,attrUnit,attrDict,attrWidth,tabOrder) values ('116001','116','','','进水压力','bar','','',null);
INSERT INTO YH_DEV_ATTR(devAttrId,devtypeid,attrClass,attrEnName,attrCnName,attrUnit,attrDict,attrWidth,tabOrder) values ('116002','116','','','进水温度','°C','','',null);
INSERT INTO YH_DEV_ATTR(devAttrId,devtypeid,attrClass,attrEnName,attrCnName,attrUnit,attrDict,attrWidth,tabOrder) values ('116003','116','','','出水压力','bar','','',null);
INSERT INTO YH_DEV_ATTR(devAttrId,devtypeid,attrClass,attrEnName,attrCnName,attrUnit,attrDict,attrWidth,tabOrder) values ('116004','116','','','出水温度','°C','','',null);
INSERT INTO YH_DEV_ATTR(devAttrId,devtypeid,attrClass,attrEnName,attrCnName,attrUnit,attrDict,attrWidth,tabOrder) values ('116005','116','','','冷冻泵频率','Hz','','',null);
INSERT INTO YH_DEV_ATTR(devAttrId,devtypeid,attrClass,attrEnName,attrCnName,attrUnit,attrDict,attrWidth,tabOrder) values ('117001','117','','','开到位信号','','running_state','',null);
INSERT INTO YH_DEV_ATTR(devAttrId,devtypeid,attrClass,attrEnName,attrCnName,attrUnit,attrDict,attrWidth,tabOrder) values ('117002','117','','','关到位信号','','running_state','',null);
INSERT INTO YH_DEV_ATTR(devAttrId,devtypeid,attrClass,attrEnName,attrCnName,attrUnit,attrDict,attrWidth,tabOrder) values ('117003','117','','','手/自动','','hand_auto','',null);
INSERT INTO YH_DEV_ATTR(devAttrId,devtypeid,attrClass,attrEnName,attrCnName,attrUnit,attrDict,attrWidth,tabOrder) values ('117004','117','','','开控制','','start_stop','',null);
INSERT INTO YH_DEV_ATTR(devAttrId,devtypeid,attrClass,attrEnName,attrCnName,attrUnit,attrDict,attrWidth,tabOrder) values ('117005','117','','','关控制','','start_stop','',null);
INSERT INTO YH_DEV_ATTR(devAttrId,devtypeid,attrClass,attrEnName,attrCnName,attrUnit,attrDict,attrWidth,tabOrder) values ('118001','118','','','启停控制','','start_stop','',null);
INSERT INTO YH_DEV_ATTR(devAttrId,devtypeid,attrClass,attrEnName,attrCnName,attrUnit,attrDict,attrWidth,tabOrder) values ('118002','118','','','手/自动','','hand_auto','',null);
INSERT INTO YH_DEV_ATTR(devAttrId,devtypeid,attrClass,attrEnName,attrCnName,attrUnit,attrDict,attrWidth,tabOrder) values ('118003','118','','','运行信号','','running_state','',null);
INSERT INTO YH_DEV_ATTR(devAttrId,devtypeid,attrClass,attrEnName,attrCnName,attrUnit,attrDict,attrWidth,tabOrder) values ('118004','118','','','故障报警','','trouble_warn','',null);
INSERT INTO YH_DEV_ATTR(devAttrId,devtypeid,attrClass,attrEnName,attrCnName,attrUnit,attrDict,attrWidth,tabOrder) values ('118005','118','','','频率调节','Hz','','',null);
INSERT INTO YH_DEV_ATTR(devAttrId,devtypeid,attrClass,attrEnName,attrCnName,attrUnit,attrDict,attrWidth,tabOrder) values ('118006','118','','','频率反馈','Hz','','',null);
INSERT INTO YH_DEV_ATTR(devAttrId,devtypeid,attrClass,attrEnName,attrCnName,attrUnit,attrDict,attrWidth,tabOrder) values ('118007','118','','','累计运行','H','','',null);
INSERT INTO YH_DEV_ATTR(devAttrId,devtypeid,attrClass,attrEnName,attrCnName,attrUnit,attrDict,attrWidth,tabOrder) values ('119001','119','','','进水调节','%','','',null);
INSERT INTO YH_DEV_ATTR(devAttrId,devtypeid,attrClass,attrEnName,attrCnName,attrUnit,attrDict,attrWidth,tabOrder) values ('119002','119','','','进水反馈','%','','',null);
INSERT INTO YH_DEV_ATTR(devAttrId,devtypeid,attrClass,attrEnName,attrCnName,attrUnit,attrDict,attrWidth,tabOrder) values ('119003','119','','','一次侧进水温度','°C','','',null);
INSERT INTO YH_DEV_ATTR(devAttrId,devtypeid,attrClass,attrEnName,attrCnName,attrUnit,attrDict,attrWidth,tabOrder) values ('119004','119','','','一次侧出水温度','°C','','',null);
INSERT INTO YH_DEV_ATTR(devAttrId,devtypeid,attrClass,attrEnName,attrCnName,attrUnit,attrDict,attrWidth,tabOrder) values ('119005','119','','','二次侧进水温度','°C','','',null);
INSERT INTO YH_DEV_ATTR(devAttrId,devtypeid,attrClass,attrEnName,attrCnName,attrUnit,attrDict,attrWidth,tabOrder) values ('119006','119','','','二次侧出水温度','°C','','',null);
INSERT INTO YH_DEV_ATTR(devAttrId,devtypeid,attrClass,attrEnName,attrCnName,attrUnit,attrDict,attrWidth,tabOrder) values ('120001','120','','','进水压力','bar','','',null);
INSERT INTO YH_DEV_ATTR(devAttrId,devtypeid,attrClass,attrEnName,attrCnName,attrUnit,attrDict,attrWidth,tabOrder) values ('120002','120','','','进水温度','°C','','',null);
INSERT INTO YH_DEV_ATTR(devAttrId,devtypeid,attrClass,attrEnName,attrCnName,attrUnit,attrDict,attrWidth,tabOrder) values ('120003','120','','','出水压力','bar','','',null);
INSERT INTO YH_DEV_ATTR(devAttrId,devtypeid,attrClass,attrEnName,attrCnName,attrUnit,attrDict,attrWidth,tabOrder) values ('120004','120','','','出水温度','°C','','',null);
INSERT INTO YH_DEV_ATTR(devAttrId,devtypeid,attrClass,attrEnName,attrCnName,attrUnit,attrDict,attrWidth,tabOrder) values ('120005','120','','','冷冻泵频率','Hz','','',null);
INSERT INTO YH_DEV_ATTR(devAttrId,devtypeid,attrClass,attrEnName,attrCnName,attrUnit,attrDict,attrWidth,tabOrder) values ('121001','121','','','开到位信号','','running_state','',null);
INSERT INTO YH_DEV_ATTR(devAttrId,devtypeid,attrClass,attrEnName,attrCnName,attrUnit,attrDict,attrWidth,tabOrder) values ('121002','121','','','关到位信号','','running_state','',null);
INSERT INTO YH_DEV_ATTR(devAttrId,devtypeid,attrClass,attrEnName,attrCnName,attrUnit,attrDict,attrWidth,tabOrder) values ('121003','121','','','手/自动','','hand_auto','',null);
INSERT INTO YH_DEV_ATTR(devAttrId,devtypeid,attrClass,attrEnName,attrCnName,attrUnit,attrDict,attrWidth,tabOrder) values ('121004','121','','','开控制','','start_stop','',null);
INSERT INTO YH_DEV_ATTR(devAttrId,devtypeid,attrClass,attrEnName,attrCnName,attrUnit,attrDict,attrWidth,tabOrder) values ('121005','121','','','关控制','','start_stop','',null);
INSERT INTO YH_DEV_ATTR(devAttrId,devtypeid,attrClass,attrEnName,attrCnName,attrUnit,attrDict,attrWidth,tabOrder) values ('122001','122','','','启停控制','','start_stop','',null);
INSERT INTO YH_DEV_ATTR(devAttrId,devtypeid,attrClass,attrEnName,attrCnName,attrUnit,attrDict,attrWidth,tabOrder) values ('122002','122','','','手/自动','','hand_auto','',null);
INSERT INTO YH_DEV_ATTR(devAttrId,devtypeid,attrClass,attrEnName,attrCnName,attrUnit,attrDict,attrWidth,tabOrder) values ('122003','122','','','运行信号','','running_state','',null);
INSERT INTO YH_DEV_ATTR(devAttrId,devtypeid,attrClass,attrEnName,attrCnName,attrUnit,attrDict,attrWidth,tabOrder) values ('122004','122','','','故障报警','','trouble_warn','',null);
INSERT INTO YH_DEV_ATTR(devAttrId,devtypeid,attrClass,attrEnName,attrCnName,attrUnit,attrDict,attrWidth,tabOrder) values ('122005','122','','','频率调节','Hz','','',null);
INSERT INTO YH_DEV_ATTR(devAttrId,devtypeid,attrClass,attrEnName,attrCnName,attrUnit,attrDict,attrWidth,tabOrder) values ('122006','122','','','频率反馈','Hz','','',null);
INSERT INTO YH_DEV_ATTR(devAttrId,devtypeid,attrClass,attrEnName,attrCnName,attrUnit,attrDict,attrWidth,tabOrder) values ('122007','122','','','累计运行','H','','',null);
INSERT INTO YH_DEV_ATTR(devAttrId,devtypeid,attrClass,attrEnName,attrCnName,attrUnit,attrDict,attrWidth,tabOrder) values ('123001','123','','','运行状态','','','',null);
INSERT INTO YH_DEV_ATTR(devAttrId,devtypeid,attrClass,attrEnName,attrCnName,attrUnit,attrDict,attrWidth,tabOrder) values ('124001','124','','','运行状态','','running_state','',null);
INSERT INTO YH_DEV_ATTR(devAttrId,devtypeid,attrClass,attrEnName,attrCnName,attrUnit,attrDict,attrWidth,tabOrder) values ('124002','124','','','手/自动','','hand_auto','',null);
INSERT INTO YH_DEV_ATTR(devAttrId,devtypeid,attrClass,attrEnName,attrCnName,attrUnit,attrDict,attrWidth,tabOrder) values ('124003','124','','','启停控制','','start_stop','',null);
INSERT INTO YH_DEV_ATTR(devAttrId,devtypeid,attrClass,attrEnName,attrCnName,attrUnit,attrDict,attrWidth,tabOrder) values ('125001','125','','','运行状态','','running_state','',null);
INSERT INTO YH_DEV_ATTR(devAttrId,devtypeid,attrClass,attrEnName,attrCnName,attrUnit,attrDict,attrWidth,tabOrder) values ('125002','125','','','手/自动','','hand_auto','',null);
INSERT INTO YH_DEV_ATTR(devAttrId,devtypeid,attrClass,attrEnName,attrCnName,attrUnit,attrDict,attrWidth,tabOrder) values ('125003','125','','','启停控制','','start_stop','',null);



delete from YH_DEV_INFO;
set character set utf8;
INSERT INTO YH_DEV_INFO(devId,pareDevId,devtypeid,devEnName,devCnName,devModel,floor,location) values ('1010180001','','101','AHU-18F-01','一号空调','AHU','18','');
INSERT INTO YH_DEV_INFO(devId,pareDevId,devtypeid,devEnName,devCnName,devModel,floor,location) values ('1010180002','','101','AHU-18F-02','二号空调','AHU','18','');
INSERT INTO YH_DEV_INFO(devId,pareDevId,devtypeid,devEnName,devCnName,devModel,floor,location) values ('1100180001','','110','EAF-18F-01','1号送排机女卫','','18','卫生间');
INSERT INTO YH_DEV_INFO(devId,pareDevId,devtypeid,devEnName,devCnName,devModel,floor,location) values ('1100180002','','110','EAF-18F-02','2号排风机男卫','','18','卫生间');
INSERT INTO YH_DEV_INFO(devId,pareDevId,devtypeid,devEnName,devCnName,devModel,floor,location) values ('1100180003','','110','18F-NL2-6','茶水间排风扇','','18','');
INSERT INTO YH_DEV_INFO(devId,pareDevId,devtypeid,devEnName,devCnName,devModel,floor,location) values ('1110180001','','111','18-NL2-1','走廊照明','','18','');
INSERT INTO YH_DEV_INFO(devId,pareDevId,devtypeid,devEnName,devCnName,devModel,floor,location) values ('1110180002','','111','18-NL2-2','值班照明','','18','');
INSERT INTO YH_DEV_INFO(devId,pareDevId,devtypeid,devEnName,devCnName,devModel,floor,location) values ('1110180003','','111','18-NL2-3','卫生间照明','','18','');
INSERT INTO YH_DEV_INFO(devId,pareDevId,devtypeid,devEnName,devCnName,devModel,floor,location) values ('1110180004','','111','18-NL2-4','茶水/清洁间照明','','18','');
INSERT INTO YH_DEV_INFO(devId,pareDevId,devtypeid,devEnName,devCnName,devModel,floor,location) values ('1110180005','','111','18-DDYQ1-1','电梯厅灯带','','18','');
INSERT INTO YH_DEV_INFO(devId,pareDevId,devtypeid,devEnName,devCnName,devModel,floor,location) values ('1110180006','','111','18-DDYQ1-2','卫生间灯带','','18','');
INSERT INTO YH_DEV_INFO(devId,pareDevId,devtypeid,devEnName,devCnName,devModel,floor,location) values ('1140180001','','114','18-NR1-5','风机盘管','','18','');
INSERT INTO YH_DEV_INFO(devId,pareDevId,devtypeid,devEnName,devCnName,devModel,floor,location) values ('1140180002','','114','18-DR1-1','VAV电加热电源','','18','');
INSERT INTO YH_DEV_INFO(devId,pareDevId,devtypeid,devEnName,devCnName,devModel,floor,location) values ('1140180003','','114','18-NR1-3','茶/卫热水装置','','18','');
INSERT INTO YH_DEV_INFO(devId,pareDevId,devtypeid,devEnName,devCnName,devModel,floor,location) values ('1140180004','','114','18-NL2-7','走廊插座电源','','19','');
INSERT INTO YH_DEV_INFO(devId,pareDevId,devtypeid,devEnName,devCnName,devModel,floor,location) values ('1230180001','','123','','消防电梯厅1','','18','消防电梯厅');
INSERT INTO YH_DEV_INFO(devId,pareDevId,devtypeid,devEnName,devCnName,devModel,floor,location) values ('1230180002','','123','','消防电梯厅2','','18','消防电梯厅');
INSERT INTO YH_DEV_INFO(devId,pareDevId,devtypeid,devEnName,devCnName,devModel,floor,location) values ('1230180003','','123','','水管井1','','18','水管井');
INSERT INTO YH_DEV_INFO(devId,pareDevId,devtypeid,devEnName,devCnName,devModel,floor,location) values ('1230180004','','123','','水管井2','','18','水管井');
INSERT INTO YH_DEV_INFO(devId,pareDevId,devtypeid,devEnName,devCnName,devModel,floor,location) values ('1230180005','','123','','空调机房','','18','空调机房');




delete from YH_DEV_POINT_REF;
set character set utf8;
INSERT INTO YH_DEV_POINT_REF(adapterId,controllerId,pointId,devId,devAttrId) values ('a001','1721691871867','1721691871867201','1010180001','101001');
INSERT INTO YH_DEV_POINT_REF(adapterId,controllerId,pointId,devId,devAttrId) values ('a001','1721691871867','1721691871867104','1010180001','101002');
INSERT INTO YH_DEV_POINT_REF(adapterId,controllerId,pointId,devId,devAttrId) values ('a001','1721691871867','1721691871867103','1010180001','101003');
INSERT INTO YH_DEV_POINT_REF(adapterId,controllerId,pointId,devId,devAttrId) values ('a001','1721691871867','1721691871867101','1010180001','101004');
INSERT INTO YH_DEV_POINT_REF(adapterId,controllerId,pointId,devId,devAttrId) values ('a001','1721691871867','1721691871867501','1010180001','101005');
INSERT INTO YH_DEV_POINT_REF(adapterId,controllerId,pointId,devId,devAttrId) values ('a001','1721691871867','1721691871867403','1010180001','101006');
INSERT INTO YH_DEV_POINT_REF(adapterId,controllerId,pointId,devId,devAttrId) values ('a001','1721691871867','1721691871867100','1010180001','101007');
INSERT INTO YH_DEV_POINT_REF(adapterId,controllerId,pointId,devId,devAttrId) values ('a001','1721691871867','1721691871867500','1010180001','101008');
INSERT INTO YH_DEV_POINT_REF(adapterId,controllerId,pointId,devId,devAttrId) values ('a001','1721691871867','1721691871867410','1010180001','101009');
INSERT INTO YH_DEV_POINT_REF(adapterId,controllerId,pointId,devId,devAttrId) values ('a001','1721691871867','1721691871867406','1010180001','101010');
INSERT INTO YH_DEV_POINT_REF(adapterId,controllerId,pointId,devId,devAttrId) values ('a001','1721691871867','1721691871867404','1010180001','101011');
INSERT INTO YH_DEV_POINT_REF(adapterId,controllerId,pointId,devId,devAttrId) values ('a001','1721691871867','1721691871867405','1010180001','101012');
INSERT INTO YH_DEV_POINT_REF(adapterId,controllerId,pointId,devId,devAttrId) values ('a001','1721691871867','1721691871867600','1010180001','101013');
INSERT INTO YH_DEV_POINT_REF(adapterId,controllerId,pointId,devId,devAttrId) values ('a001','1721691871867','1721691871867503','1010180001','101014');
INSERT INTO YH_DEV_POINT_REF(adapterId,controllerId,pointId,devId,devAttrId) values ('a001','1721691871867','1721691871867411','1010180001','101015');
INSERT INTO YH_DEV_POINT_REF(adapterId,controllerId,pointId,devId,devAttrId) values ('a001','1721691871867','1721691871867400','1010180001','101016');
INSERT INTO YH_DEV_POINT_REF(adapterId,controllerId,pointId,devId,devAttrId) values ('a001','1721691871867','1721691871867601','1010180001','101017');
INSERT INTO YH_DEV_POINT_REF(adapterId,controllerId,pointId,devId,devAttrId) values ('a001','1721691871867','1721691871867401','1010180001','101018');
INSERT INTO YH_DEV_POINT_REF(adapterId,controllerId,pointId,devId,devAttrId) values ('a001','1721691871867','1721691871867402','1010180001','101019');
INSERT INTO YH_DEV_POINT_REF(adapterId,controllerId,pointId,devId,devAttrId) values ('a001','1721691871867','1721691871867603','1010180001','101020');
INSERT INTO YH_DEV_POINT_REF(adapterId,controllerId,pointId,devId,devAttrId) values ('a001','1721691871867','1721691871867203','1010180001','101021');
INSERT INTO YH_DEV_POINT_REF(adapterId,controllerId,pointId,devId,devAttrId) values ('a001','1721691871867','1721691871867202','1010180001','101023');
INSERT INTO YH_DEV_POINT_REF(adapterId,controllerId,pointId,devId,devAttrId) values ('a001','1721691871867','1721691871867300','1010180001','101025');
INSERT INTO YH_DEV_POINT_REF(adapterId,controllerId,pointId,devId,devAttrId) values ('a001','172169187018','172169187018302','1010180001','101026');
INSERT INTO YH_DEV_POINT_REF(adapterId,controllerId,pointId,devId,devAttrId) values ('a001','172169187018','172169187018200','1010180002','101001');
INSERT INTO YH_DEV_POINT_REF(adapterId,controllerId,pointId,devId,devAttrId) values ('a001','172169187018','172169187018100','1010180002','101002');
INSERT INTO YH_DEV_POINT_REF(adapterId,controllerId,pointId,devId,devAttrId) values ('a001','172169187018','172169187018105','1010180002','101003');
INSERT INTO YH_DEV_POINT_REF(adapterId,controllerId,pointId,devId,devAttrId) values ('a001','172169187018','172169187018101','1010180002','101004');
INSERT INTO YH_DEV_POINT_REF(adapterId,controllerId,pointId,devId,devAttrId) values ('a001','172169187018','172169187018500','1010180002','101005');
INSERT INTO YH_DEV_POINT_REF(adapterId,controllerId,pointId,devId,devAttrId) values ('a001','172169187018','172169187018400','1010180002','101006');
INSERT INTO YH_DEV_POINT_REF(adapterId,controllerId,pointId,devId,devAttrId) values ('a001','172169187018','172169187018102','1010180002','101007');
INSERT INTO YH_DEV_POINT_REF(adapterId,controllerId,pointId,devId,devAttrId) values ('a001','172169187018','172169187018501','1010180002','101008');
INSERT INTO YH_DEV_POINT_REF(adapterId,controllerId,pointId,devId,devAttrId) values ('a001','172169187018','172169187018402','1010180002','101009');
INSERT INTO YH_DEV_POINT_REF(adapterId,controllerId,pointId,devId,devAttrId) values ('a001','172169187018','172169187018406','1010180002','101010');
INSERT INTO YH_DEV_POINT_REF(adapterId,controllerId,pointId,devId,devAttrId) values ('a001','172169187018','172169187018407','1010180002','101011');
INSERT INTO YH_DEV_POINT_REF(adapterId,controllerId,pointId,devId,devAttrId) values ('a001','172169187018','172169187018409','1010180002','101012');
INSERT INTO YH_DEV_POINT_REF(adapterId,controllerId,pointId,devId,devAttrId) values ('a001','172169187018','172169187018603','1010180002','101013');
INSERT INTO YH_DEV_POINT_REF(adapterId,controllerId,pointId,devId,devAttrId) values ('a001','172169187018','172169187018502','1010180002','101014');
INSERT INTO YH_DEV_POINT_REF(adapterId,controllerId,pointId,devId,devAttrId) values ('a001','172169187018','172169187018408','1010180002','101015');
INSERT INTO YH_DEV_POINT_REF(adapterId,controllerId,pointId,devId,devAttrId) values ('a001','172169187018','172169187018403','1010180002','101016');
INSERT INTO YH_DEV_POINT_REF(adapterId,controllerId,pointId,devId,devAttrId) values ('a001','172169187018','172169187018601','1010180002','101017');
INSERT INTO YH_DEV_POINT_REF(adapterId,controllerId,pointId,devId,devAttrId) values ('a001','172169187018','172169187018404','1010180002','101018');
INSERT INTO YH_DEV_POINT_REF(adapterId,controllerId,pointId,devId,devAttrId) values ('a001','172169187018','172169187018405','1010180002','101019');
INSERT INTO YH_DEV_POINT_REF(adapterId,controllerId,pointId,devId,devAttrId) values ('a001','172169187018','172169187018602','1010180002','101020');
INSERT INTO YH_DEV_POINT_REF(adapterId,controllerId,pointId,devId,devAttrId) values ('a001','172169187018','172169187018201','1010180002','101021');
INSERT INTO YH_DEV_POINT_REF(adapterId,controllerId,pointId,devId,devAttrId) values ('a001','172169187018','172169187018103','1010180002','101022');
INSERT INTO YH_DEV_POINT_REF(adapterId,controllerId,pointId,devId,devAttrId) values ('a001','172169187018','172169187018202','1010180002','101023');
INSERT INTO YH_DEV_POINT_REF(adapterId,controllerId,pointId,devId,devAttrId) values ('a001','172169187018','172169187018104','1010180002','101024');
INSERT INTO YH_DEV_POINT_REF(adapterId,controllerId,pointId,devId,devAttrId) values ('a001','172169187018','172169187018301','1010180002','101025');
INSERT INTO YH_DEV_POINT_REF(adapterId,controllerId,pointId,devId,devAttrId) values ('a001','172169187018','172169187018302','1010180002','101026');
INSERT INTO YH_DEV_POINT_REF(adapterId,controllerId,pointId,devId,devAttrId) values ('a001','172169187018','172169187018600','1010180002','101027');
INSERT INTO YH_DEV_POINT_REF(adapterId,controllerId,pointId,devId,devAttrId) values ('a001','172169567126','172169567126208','1100180001','110001');
INSERT INTO YH_DEV_POINT_REF(adapterId,controllerId,pointId,devId,devAttrId) values ('a001','172169567126','172169567126117','1100180001','110002');
INSERT INTO YH_DEV_POINT_REF(adapterId,controllerId,pointId,devId,devAttrId) values ('a001','172169567126','1721695671261379','1100180001','110003');
INSERT INTO YH_DEV_POINT_REF(adapterId,controllerId,pointId,devId,devAttrId) values ('a001','172169567126','172169567126118','1100180001','110004');
INSERT INTO YH_DEV_POINT_REF(adapterId,controllerId,pointId,devId,devAttrId) values ('a001','172169567126','172169567126501','1100180001','110005');
INSERT INTO YH_DEV_POINT_REF(adapterId,controllerId,pointId,devId,devAttrId) values ('a001','172169567126','172169567126401','1100180001','110006');
INSERT INTO YH_DEV_POINT_REF(adapterId,controllerId,pointId,devId,devAttrId) values ('a001','172169567126','172169567126626','1100180001','110007');
INSERT INTO YH_DEV_POINT_REF(adapterId,controllerId,pointId,devId,devAttrId) values ('a001','172169567126','172169567126209','1100180002','110001');
INSERT INTO YH_DEV_POINT_REF(adapterId,controllerId,pointId,devId,devAttrId) values ('a001','172169567126','172169567126179','1100180002','110002');
INSERT INTO YH_DEV_POINT_REF(adapterId,controllerId,pointId,devId,devAttrId) values ('a001','172169567126','1721695671261379','1100180002','110003');
INSERT INTO YH_DEV_POINT_REF(adapterId,controllerId,pointId,devId,devAttrId) values ('a001','172169567126','172169567126180','1100180002','110004');
INSERT INTO YH_DEV_POINT_REF(adapterId,controllerId,pointId,devId,devAttrId) values ('a001','172169567126','172169567126500','1100180002','110005');
INSERT INTO YH_DEV_POINT_REF(adapterId,controllerId,pointId,devId,devAttrId) values ('a001','172169567126','172169567126400','1100180002','110006');
INSERT INTO YH_DEV_POINT_REF(adapterId,controllerId,pointId,devId,devAttrId) values ('a001','172169567126','172169567126627','1100180002','110007');
INSERT INTO YH_DEV_POINT_REF(adapterId,controllerId,pointId,devId,devAttrId) values ('a001','172169567126','172169567126211','1100180003','110001');
INSERT INTO YH_DEV_POINT_REF(adapterId,controllerId,pointId,devId,devAttrId) values ('a001','172169567126','1721695671261384','1100180003','110002');
INSERT INTO YH_DEV_POINT_REF(adapterId,controllerId,pointId,devId,devAttrId) values ('a001','172169567126','1721695671261383','1100180003','110003');
INSERT INTO YH_DEV_POINT_REF(adapterId,controllerId,pointId,devId,devAttrId) values ('a001','172169567126','1721695671261389','1110180001','111001');
INSERT INTO YH_DEV_POINT_REF(adapterId,controllerId,pointId,devId,devAttrId) values ('a001','172169567126','1721695671261383','1110180001','111002');
INSERT INTO YH_DEV_POINT_REF(adapterId,controllerId,pointId,devId,devAttrId) values ('a001','172169567126','1721695671262164','1110180001','111003');
INSERT INTO YH_DEV_POINT_REF(adapterId,controllerId,pointId,devId,devAttrId) values ('a001','172169567126','1721695671261388','1110180002','111001');
INSERT INTO YH_DEV_POINT_REF(adapterId,controllerId,pointId,devId,devAttrId) values ('a001','172169567126','1721695671261383','1110180002','111002');
INSERT INTO YH_DEV_POINT_REF(adapterId,controllerId,pointId,devId,devAttrId) values ('a001','172169567126','1721695671262163','1110180002','111003');
INSERT INTO YH_DEV_POINT_REF(adapterId,controllerId,pointId,devId,devAttrId) values ('a001','172169567126','1721695671261387','1110180003','111001');
INSERT INTO YH_DEV_POINT_REF(adapterId,controllerId,pointId,devId,devAttrId) values ('a001','172169567126','1721695671261383','1110180003','111002');
INSERT INTO YH_DEV_POINT_REF(adapterId,controllerId,pointId,devId,devAttrId) values ('a001','172169567126','1721695671262162','1110180003','111003');
INSERT INTO YH_DEV_POINT_REF(adapterId,controllerId,pointId,devId,devAttrId) values ('a001','172169567126','1721695671261385','1110180004','111001');
INSERT INTO YH_DEV_POINT_REF(adapterId,controllerId,pointId,devId,devAttrId) values ('a001','172169567126','1721695671261383','1110180004','111002');
INSERT INTO YH_DEV_POINT_REF(adapterId,controllerId,pointId,devId,devAttrId) values ('a001','172169567126','1721695671262160','1110180004','111003');
INSERT INTO YH_DEV_POINT_REF(adapterId,controllerId,pointId,devId,devAttrId) values ('a001','1721691871868','1721691871868102','1110180005','111001');
INSERT INTO YH_DEV_POINT_REF(adapterId,controllerId,pointId,devId,devAttrId) values ('a001','1721691871868','1721691871868103','1110180005','111002');
INSERT INTO YH_DEV_POINT_REF(adapterId,controllerId,pointId,devId,devAttrId) values ('a001','1721691871868','1721691871868201','1110180005','111003');
INSERT INTO YH_DEV_POINT_REF(adapterId,controllerId,pointId,devId,devAttrId) values ('a001','1721691871868','1721691871868100','1110180006','111001');
INSERT INTO YH_DEV_POINT_REF(adapterId,controllerId,pointId,devId,devAttrId) values ('a001','1721691871868','1721691871868101','1110180006','111002');
INSERT INTO YH_DEV_POINT_REF(adapterId,controllerId,pointId,devId,devAttrId) values ('a001','1721691871868','1721691871868200','1110180006','111003');
INSERT INTO YH_DEV_POINT_REF(adapterId,controllerId,pointId,devId,devAttrId) values ('a001','172169567126','1721695671261380','1140180001','114001');
INSERT INTO YH_DEV_POINT_REF(adapterId,controllerId,pointId,devId,devAttrId) values ('a001','172169567126','1721695671261379','1140180001','114002');
INSERT INTO YH_DEV_POINT_REF(adapterId,controllerId,pointId,devId,devAttrId) values ('a001','172169567126','172169567126207','1140180001','114003');
INSERT INTO YH_DEV_POINT_REF(adapterId,controllerId,pointId,devId,devAttrId) values ('a001','172169567126','172169567126161','1140180002','114001');
INSERT INTO YH_DEV_POINT_REF(adapterId,controllerId,pointId,devId,devAttrId) values ('a001','172169567126','172169567126160','1140180002','114002');
INSERT INTO YH_DEV_POINT_REF(adapterId,controllerId,pointId,devId,devAttrId) values ('a001','172169567126','172169567126246','1140180002','114003');
INSERT INTO YH_DEV_POINT_REF(adapterId,controllerId,pointId,devId,devAttrId) values ('a001','172169567126','1721695671261382','1140180003','114001');
INSERT INTO YH_DEV_POINT_REF(adapterId,controllerId,pointId,devId,devAttrId) values ('a001','172169567126','1721695671261379','1140180003','114002');
INSERT INTO YH_DEV_POINT_REF(adapterId,controllerId,pointId,devId,devAttrId) values ('a001','172169567126','1721695671262159','1140180003','114003');
INSERT INTO YH_DEV_POINT_REF(adapterId,controllerId,pointId,devId,devAttrId) values ('a001','172169567126','1721695671261386','1140180004','114001');
INSERT INTO YH_DEV_POINT_REF(adapterId,controllerId,pointId,devId,devAttrId) values ('a001','172169567126','1721695671261383','1140180004','114002');
INSERT INTO YH_DEV_POINT_REF(adapterId,controllerId,pointId,devId,devAttrId) values ('a001','172169567126','1721695671262161','1140180004','114003');
INSERT INTO YH_DEV_POINT_REF(adapterId,controllerId,pointId,devId,devAttrId) values ('a001','172169567126','1721695671261630','1230180001','123001');
INSERT INTO YH_DEV_POINT_REF(adapterId,controllerId,pointId,devId,devAttrId) values ('a001','172169567126','1721695671261631','1230180002','123001');
INSERT INTO YH_DEV_POINT_REF(adapterId,controllerId,pointId,devId,devAttrId) values ('a001','172169567126','1721695671261628','1230180003','123001');
INSERT INTO YH_DEV_POINT_REF(adapterId,controllerId,pointId,devId,devAttrId) values ('a001','172169567126','1721695671261629','1230180004','123001');
INSERT INTO YH_DEV_POINT_REF(adapterId,controllerId,pointId,devId,devAttrId) values ('a001','172169567126','1721695671261632','1230180005','123001');



delete from YH_DICT;
set character set utf8;
INSERT INTO YH_DICT(dictname,dictdesc,mykey,val,myOrder) values ('running_state','运行状态','1','运行','');
INSERT INTO YH_DICT(dictname,dictdesc,mykey,val,myOrder) values ('running_state','运行状态','0','停止','');
INSERT INTO YH_DICT(dictname,dictdesc,mykey,val,myOrder) values ('hand_auto','手/自动','0','手动','');
INSERT INTO YH_DICT(dictname,dictdesc,mykey,val,myOrder) values ('hand_auto','手/自动','1','自动','');
INSERT INTO YH_DICT(dictname,dictdesc,mykey,val,myOrder) values ('start_stop','启停控制','1','开启','');
INSERT INTO YH_DICT(dictname,dictdesc,mykey,val,myOrder) values ('start_stop','启停控制','0','关闭','');
INSERT INTO YH_DICT(dictname,dictdesc,mykey,val,myOrder) values ('trouble_warn','故障报警','0','正常','');
INSERT INTO YH_DICT(dictname,dictdesc,mykey,val,myOrder) values ('trouble_warn','故障报警','1','报警','');
INSERT INTO YH_DICT(dictname,dictdesc,mykey,val,myOrder) values ('ele','电加热模式','1','ON','');
INSERT INTO YH_DICT(dictname,dictdesc,mykey,val,myOrder) values ('ele','电加热模式','0','OFF','');



