delete from YH_DEV_TYPE ;
INSERT INTO YH_DEV_TYPE(devTypeId,pareDevTypeId,devTypeName,isStoreHis,storeRate,storeDays) values ('101','','办公楼层空调柜机1','1','60','60');
INSERT INTO YH_DEV_TYPE(devTypeId,pareDevTypeId,devTypeName,isStoreHis,storeRate,storeDays) values ('102','','群楼层空调','1','60','60');
INSERT INTO YH_DEV_TYPE(devTypeId,pareDevTypeId,devTypeName,isStoreHis,storeRate,storeDays) values ('103','','地下室空调','1','60','60');
INSERT INTO YH_DEV_TYPE(devTypeId,pareDevTypeId,devTypeName,isStoreHis,storeRate,storeDays) values ('104','','33楼大堂空调','1','60','60');
INSERT INTO YH_DEV_TYPE(devTypeId,pareDevTypeId,devTypeName,isStoreHis,storeRate,storeDays) values ('105','','群楼层新风机','1','60','60');
INSERT INTO YH_DEV_TYPE(devTypeId,pareDevTypeId,devTypeName,isStoreHis,storeRate,storeDays) values ('106','','避难层新风机','1','60','60');
INSERT INTO YH_DEV_TYPE(devTypeId,pareDevTypeId,devTypeName,isStoreHis,storeRate,storeDays) values ('107','','普通水阀1','1','60','60');
INSERT INTO YH_DEV_TYPE(devTypeId,pareDevTypeId,devTypeName,isStoreHis,storeRate,storeDays) values ('108','','普通水阀2','1','60','60');
INSERT INTO YH_DEV_TYPE(devTypeId,pareDevTypeId,devTypeName,isStoreHis,storeRate,storeDays) values ('109','','24小时水阀','1','60','60');
INSERT INTO YH_DEV_TYPE(devTypeId,pareDevTypeId,devTypeName,isStoreHis,storeRate,storeDays) values ('110','','男女卫生间送排风','1','60','60');
INSERT INTO YH_DEV_TYPE(devTypeId,pareDevTypeId,devTypeName,isStoreHis,storeRate,storeDays) values ('111','','茶水间送排风','1','60','60');
INSERT INTO YH_DEV_TYPE(devTypeId,pareDevTypeId,devTypeName,isStoreHis,storeRate,storeDays) values ('112','','普通照明','1','60','60');
INSERT INTO YH_DEV_TYPE(devTypeId,pareDevTypeId,devTypeName,isStoreHis,storeRate,storeDays) values ('113','','负一楼供冷','1','60','60');
INSERT INTO YH_DEV_TYPE(devTypeId,pareDevTypeId,devTypeName,isStoreHis,storeRate,storeDays) values ('114','','37层板换','1','60','60');
INSERT INTO YH_DEV_TYPE(devTypeId,pareDevTypeId,devTypeName,isStoreHis,storeRate,storeDays) values ('115','','热水、盘管、电加热、插座','1','60','60');
INSERT INTO YH_DEV_TYPE(devTypeId,pareDevTypeId,devTypeName,isStoreHis,storeRate,storeDays) values ('116','107','负一楼供冷系统板换','1','60','60');
INSERT INTO YH_DEV_TYPE(devTypeId,pareDevTypeId,devTypeName,isStoreHis,storeRate,storeDays) values ('117','107','负一楼供冷系统冷冻泵进出','1','60','60');
INSERT INTO YH_DEV_TYPE(devTypeId,pareDevTypeId,devTypeName,isStoreHis,storeRate,storeDays) values ('118','107','负一楼供冷系统板换二次侧蝶阀','1','60','60');
INSERT INTO YH_DEV_TYPE(devTypeId,pareDevTypeId,devTypeName,isStoreHis,storeRate,storeDays) values ('119','107','负一楼供冷冷冻泵','1','60','60');
INSERT INTO YH_DEV_TYPE(devTypeId,pareDevTypeId,devTypeName,isStoreHis,storeRate,storeDays) values ('120','108','37层板换系统板换','1','60','60');
INSERT INTO YH_DEV_TYPE(devTypeId,pareDevTypeId,devTypeName,isStoreHis,storeRate,storeDays) values ('121','108','37层板换系统冷冻泵进出','1','60','60');
INSERT INTO YH_DEV_TYPE(devTypeId,pareDevTypeId,devTypeName,isStoreHis,storeRate,storeDays) values ('122','108','37层板换系统蝶阀','1','60','60');
INSERT INTO YH_DEV_TYPE(devTypeId,pareDevTypeId,devTypeName,isStoreHis,storeRate,storeDays) values ('123','108','37层板换系统冷冻泵','1','60','60');
INSERT INTO YH_DEV_TYPE(devTypeId,pareDevTypeId,devTypeName,isStoreHis,storeRate,storeDays) values ('124','','漏水报警','1','60','60');
INSERT INTO YH_DEV_TYPE(devTypeId,pareDevTypeId,devTypeName,isStoreHis,storeRate,storeDays) values ('125','','应急照明','1','60','60');
INSERT INTO YH_DEV_TYPE(devTypeId,pareDevTypeId,devTypeName,isStoreHis,storeRate,storeDays) values ('126','','天面','1','60','60');


delete from YH_DEV_ATTR;
INSERT INTO YH_DEV_ATTR(devAttrId,devtypeid,attrClass,attrEnName,attrCnName,attrUnit,attrDict,attrWidth,tabOrder) values ('101001','101','控制面板','','启停控制','','start_stop','','7');
INSERT INTO YH_DEV_ATTR(devAttrId,devtypeid,attrClass,attrEnName,attrCnName,attrUnit,attrDict,attrWidth,tabOrder) values ('101002','101','控制面板','','手/自动','','hand_auto','','6');
INSERT INTO YH_DEV_ATTR(devAttrId,devtypeid,attrClass,attrEnName,attrCnName,attrUnit,attrDict,attrWidth,tabOrder) values ('101003','101','控制面板','','运行状态','','running_state','','5');
INSERT INTO YH_DEV_ATTR(devAttrId,devtypeid,attrClass,attrEnName,attrCnName,attrUnit,attrDict,attrWidth,tabOrder) values ('101004','101','控制面板','','故障报警','','trouble_warn','',null);
INSERT INTO YH_DEV_ATTR(devAttrId,devtypeid,attrClass,attrEnName,attrCnName,attrUnit,attrDict,attrWidth,tabOrder) values ('101005','101','新风','','新风阀控制','%','','',null);
INSERT INTO YH_DEV_ATTR(devAttrId,devtypeid,attrClass,attrEnName,attrCnName,attrUnit,attrDict,attrWidth,tabOrder) values ('101006','101','新风','','新风阀反馈','%','','',null);
INSERT INTO YH_DEV_ATTR(devAttrId,devtypeid,attrClass,attrEnName,attrCnName,attrUnit,attrDict,attrWidth,tabOrder) values ('101007','101','滤网水阀','','滤网报警','','trouble_warn','',null);
INSERT INTO YH_DEV_ATTR(devAttrId,devtypeid,attrClass,attrEnName,attrCnName,attrUnit,attrDict,attrWidth,tabOrder) values ('101008','101','滤网水阀','','水阀调节','%','','',null);
INSERT INTO YH_DEV_ATTR(devAttrId,devtypeid,attrClass,attrEnName,attrCnName,attrUnit,attrDict,attrWidth,tabOrder) values ('101009','101','滤网水阀','','水阀反馈','%','','','2');
INSERT INTO YH_DEV_ATTR(devAttrId,devtypeid,attrClass,attrEnName,attrCnName,attrUnit,attrDict,attrWidth,tabOrder) values ('101010','101','回风','','回风温度','°C','','',null);
INSERT INTO YH_DEV_ATTR(devAttrId,devtypeid,attrClass,attrEnName,attrCnName,attrUnit,attrDict,attrWidth,tabOrder) values ('101011','101','回风','','回风湿度','%','','',null);
INSERT INTO YH_DEV_ATTR(devAttrId,devtypeid,attrClass,attrEnName,attrCnName,attrUnit,attrDict,attrWidth,tabOrder) values ('101012','101','回风','','CO2浓度','PPM','','',null);
INSERT INTO YH_DEV_ATTR(devAttrId,devtypeid,attrClass,attrEnName,attrCnName,attrUnit,attrDict,attrWidth,tabOrder) values ('101013','101','回风','','CO2浓度设定','PPM','','',null);
INSERT INTO YH_DEV_ATTR(devAttrId,devtypeid,attrClass,attrEnName,attrCnName,attrUnit,attrDict,attrWidth,tabOrder) values ('101014','101','频率','','频率调节','HZ','','','3');
INSERT INTO YH_DEV_ATTR(devAttrId,devtypeid,attrClass,attrEnName,attrCnName,attrUnit,attrDict,attrWidth,tabOrder) values ('101015','101','频率','','频率反馈','HZ','','','4');
INSERT INTO YH_DEV_ATTR(devAttrId,devtypeid,attrClass,attrEnName,attrCnName,attrUnit,attrDict,attrWidth,tabOrder) values ('101016','101','送风','','送风温度','°C','','','1');
INSERT INTO YH_DEV_ATTR(devAttrId,devtypeid,attrClass,attrEnName,attrCnName,attrUnit,attrDict,attrWidth,tabOrder) values ('101017','101','送风','','送风温度设定','°C','','',null);
INSERT INTO YH_DEV_ATTR(devAttrId,devtypeid,attrClass,attrEnName,attrCnName,attrUnit,attrDict,attrWidth,tabOrder) values ('101018','101','风管静压','','风管静压1','Pa','','',null);
INSERT INTO YH_DEV_ATTR(devAttrId,devtypeid,attrClass,attrEnName,attrCnName,attrUnit,attrDict,attrWidth,tabOrder) values ('101019','101','风管静压','','风管静压2','Pa','','',null);
INSERT INTO YH_DEV_ATTR(devAttrId,devtypeid,attrClass,attrEnName,attrCnName,attrUnit,attrDict,attrWidth,tabOrder) values ('101020','101','风管静压','','静压设定','Pa','','',null);
INSERT INTO YH_DEV_ATTR(devAttrId,devtypeid,attrClass,attrEnName,attrCnName,attrUnit,attrDict,attrWidth,tabOrder) values ('101021','101','环形风阀','','开控制','','start_stop','',null);
INSERT INTO YH_DEV_ATTR(devAttrId,devtypeid,attrClass,attrEnName,attrCnName,attrUnit,attrDict,attrWidth,tabOrder) values ('101022','101','环形风阀','','开状态','','running_state','',null);
INSERT INTO YH_DEV_ATTR(devAttrId,devtypeid,attrClass,attrEnName,attrCnName,attrUnit,attrDict,attrWidth,tabOrder) values ('101023','101','环形风阀','','关控制','','start_stop','',null);
INSERT INTO YH_DEV_ATTR(devAttrId,devtypeid,attrClass,attrEnName,attrCnName,attrUnit,attrDict,attrWidth,tabOrder) values ('101024','101','环形风阀','','关状态','','running_state','',null);
INSERT INTO YH_DEV_ATTR(devAttrId,devtypeid,attrClass,attrEnName,attrCnName,attrUnit,attrDict,attrWidth,tabOrder) values ('101025','101','','','控制级别','','','','8');
INSERT INTO YH_DEV_ATTR(devAttrId,devtypeid,attrClass,attrEnName,attrCnName,attrUnit,attrDict,attrWidth,tabOrder) values ('101026','101','','','电加热模式','','','','9');
INSERT INTO YH_DEV_ATTR(devAttrId,devtypeid,attrClass,attrEnName,attrCnName,attrUnit,attrDict,attrWidth,tabOrder) values ('101027','101','','','新风风量','CMH','','',null);
INSERT INTO YH_DEV_ATTR(devAttrId,devtypeid,attrClass,attrEnName,attrCnName,attrUnit,attrDict,attrWidth,tabOrder) values ('102001','102','','','启停控制','','','',null);
INSERT INTO YH_DEV_ATTR(devAttrId,devtypeid,attrClass,attrEnName,attrCnName,attrUnit,attrDict,attrWidth,tabOrder) values ('102002','102','','','手/自动','','hand_auto','',null);
INSERT INTO YH_DEV_ATTR(devAttrId,devtypeid,attrClass,attrEnName,attrCnName,attrUnit,attrDict,attrWidth,tabOrder) values ('102003','102','','','故障报警','','trouble_warn','',null);
INSERT INTO YH_DEV_ATTR(devAttrId,devtypeid,attrClass,attrEnName,attrCnName,attrUnit,attrDict,attrWidth,tabOrder) values ('102004','102','','','运行状态','','running_state','',null);
INSERT INTO YH_DEV_ATTR(devAttrId,devtypeid,attrClass,attrEnName,attrCnName,attrUnit,attrDict,attrWidth,tabOrder) values ('102005','102','','','冷水阀调节','','','',null);
INSERT INTO YH_DEV_ATTR(devAttrId,devtypeid,attrClass,attrEnName,attrCnName,attrUnit,attrDict,attrWidth,tabOrder) values ('102006','102','','','冷水阀反馈','','','',null);
INSERT INTO YH_DEV_ATTR(devAttrId,devtypeid,attrClass,attrEnName,attrCnName,attrUnit,attrDict,attrWidth,tabOrder) values ('102007','102','','','初滤网报警','','','',null);
INSERT INTO YH_DEV_ATTR(devAttrId,devtypeid,attrClass,attrEnName,attrCnName,attrUnit,attrDict,attrWidth,tabOrder) values ('102008','102','','','环境温度设定','','','',null);
INSERT INTO YH_DEV_ATTR(devAttrId,devtypeid,attrClass,attrEnName,attrCnName,attrUnit,attrDict,attrWidth,tabOrder) values ('102009','102','','','送风温度','','','',null);
INSERT INTO YH_DEV_ATTR(devAttrId,devtypeid,attrClass,attrEnName,attrCnName,attrUnit,attrDict,attrWidth,tabOrder) values ('103001','103','','','启停控制','','','',null);
INSERT INTO YH_DEV_ATTR(devAttrId,devtypeid,attrClass,attrEnName,attrCnName,attrUnit,attrDict,attrWidth,tabOrder) values ('103002','103','','','运行状态','','running_state','',null);
INSERT INTO YH_DEV_ATTR(devAttrId,devtypeid,attrClass,attrEnName,attrCnName,attrUnit,attrDict,attrWidth,tabOrder) values ('103003','103','','','手/自动','','hand_auto','',null);
INSERT INTO YH_DEV_ATTR(devAttrId,devtypeid,attrClass,attrEnName,attrCnName,attrUnit,attrDict,attrWidth,tabOrder) values ('103004','103','','','故障报警','','trouble_warn','',null);
INSERT INTO YH_DEV_ATTR(devAttrId,devtypeid,attrClass,attrEnName,attrCnName,attrUnit,attrDict,attrWidth,tabOrder) values ('103005','103','','','送风温度','','','',null);
INSERT INTO YH_DEV_ATTR(devAttrId,devtypeid,attrClass,attrEnName,attrCnName,attrUnit,attrDict,attrWidth,tabOrder) values ('103006','103','','','回风温度','','','',null);
INSERT INTO YH_DEV_ATTR(devAttrId,devtypeid,attrClass,attrEnName,attrCnName,attrUnit,attrDict,attrWidth,tabOrder) values ('103007','103','','','冷水阀调节','','','',null);
INSERT INTO YH_DEV_ATTR(devAttrId,devtypeid,attrClass,attrEnName,attrCnName,attrUnit,attrDict,attrWidth,tabOrder) values ('103008','103','','','冷水阀反馈','','','',null);
INSERT INTO YH_DEV_ATTR(devAttrId,devtypeid,attrClass,attrEnName,attrCnName,attrUnit,attrDict,attrWidth,tabOrder) values ('103009','103','','','初滤网报警','','','',null);
INSERT INTO YH_DEV_ATTR(devAttrId,devtypeid,attrClass,attrEnName,attrCnName,attrUnit,attrDict,attrWidth,tabOrder) values ('103010','103','','','环境温度设定','','','',null);
INSERT INTO YH_DEV_ATTR(devAttrId,devtypeid,attrClass,attrEnName,attrCnName,attrUnit,attrDict,attrWidth,tabOrder) values ('104001','104','','','运行状态','','running_state','',null);
INSERT INTO YH_DEV_ATTR(devAttrId,devtypeid,attrClass,attrEnName,attrCnName,attrUnit,attrDict,attrWidth,tabOrder) values ('104002','104','','','启停控制','','','',null);
INSERT INTO YH_DEV_ATTR(devAttrId,devtypeid,attrClass,attrEnName,attrCnName,attrUnit,attrDict,attrWidth,tabOrder) values ('104003','104','','','手/自动','','hand_auto','',null);
INSERT INTO YH_DEV_ATTR(devAttrId,devtypeid,attrClass,attrEnName,attrCnName,attrUnit,attrDict,attrWidth,tabOrder) values ('104004','104','','','故障报警','','','',null);
INSERT INTO YH_DEV_ATTR(devAttrId,devtypeid,attrClass,attrEnName,attrCnName,attrUnit,attrDict,attrWidth,tabOrder) values ('104005','104','','','滤网报警','','','',null);
INSERT INTO YH_DEV_ATTR(devAttrId,devtypeid,attrClass,attrEnName,attrCnName,attrUnit,attrDict,attrWidth,tabOrder) values ('104006','104','','','水阀调节','','','',null);
INSERT INTO YH_DEV_ATTR(devAttrId,devtypeid,attrClass,attrEnName,attrCnName,attrUnit,attrDict,attrWidth,tabOrder) values ('104007','104','','','水阀反馈','','','',null);
INSERT INTO YH_DEV_ATTR(devAttrId,devtypeid,attrClass,attrEnName,attrCnName,attrUnit,attrDict,attrWidth,tabOrder) values ('104008','104','','','回风温度','','','',null);
INSERT INTO YH_DEV_ATTR(devAttrId,devtypeid,attrClass,attrEnName,attrCnName,attrUnit,attrDict,attrWidth,tabOrder) values ('104009','104','','','环境温度设定','','','',null);
INSERT INTO YH_DEV_ATTR(devAttrId,devtypeid,attrClass,attrEnName,attrCnName,attrUnit,attrDict,attrWidth,tabOrder) values ('104010','104','','','送风温度','','','',null);
INSERT INTO YH_DEV_ATTR(devAttrId,devtypeid,attrClass,attrEnName,attrCnName,attrUnit,attrDict,attrWidth,tabOrder) values ('105001','105','','','启停控制','','start_stop','',null);
INSERT INTO YH_DEV_ATTR(devAttrId,devtypeid,attrClass,attrEnName,attrCnName,attrUnit,attrDict,attrWidth,tabOrder) values ('105002','105','','','手/自动','','hand_auto','',null);
INSERT INTO YH_DEV_ATTR(devAttrId,devtypeid,attrClass,attrEnName,attrCnName,attrUnit,attrDict,attrWidth,tabOrder) values ('105003','105','','','故障报警','','','',null);
INSERT INTO YH_DEV_ATTR(devAttrId,devtypeid,attrClass,attrEnName,attrCnName,attrUnit,attrDict,attrWidth,tabOrder) values ('105004','105','','','运行状态','','running_state','',null);
INSERT INTO YH_DEV_ATTR(devAttrId,devtypeid,attrClass,attrEnName,attrCnName,attrUnit,attrDict,attrWidth,tabOrder) values ('105005','105','','','冷水阀调节','','','',null);
INSERT INTO YH_DEV_ATTR(devAttrId,devtypeid,attrClass,attrEnName,attrCnName,attrUnit,attrDict,attrWidth,tabOrder) values ('105006','105','','','冷水阀反馈','','','',null);
INSERT INTO YH_DEV_ATTR(devAttrId,devtypeid,attrClass,attrEnName,attrCnName,attrUnit,attrDict,attrWidth,tabOrder) values ('105007','105','','','初滤网报警','','','',null);
INSERT INTO YH_DEV_ATTR(devAttrId,devtypeid,attrClass,attrEnName,attrCnName,attrUnit,attrDict,attrWidth,tabOrder) values ('105008','105','','','环境温度设定','','','',null);
INSERT INTO YH_DEV_ATTR(devAttrId,devtypeid,attrClass,attrEnName,attrCnName,attrUnit,attrDict,attrWidth,tabOrder) values ('105009','105','','','送风温度','','','',null);
INSERT INTO YH_DEV_ATTR(devAttrId,devtypeid,attrClass,attrEnName,attrCnName,attrUnit,attrDict,attrWidth,tabOrder) values ('106001','106','','','运行状态','','running_state','',null);
INSERT INTO YH_DEV_ATTR(devAttrId,devtypeid,attrClass,attrEnName,attrCnName,attrUnit,attrDict,attrWidth,tabOrder) values ('106002','106','','','启停控制','','start_stop','',null);
INSERT INTO YH_DEV_ATTR(devAttrId,devtypeid,attrClass,attrEnName,attrCnName,attrUnit,attrDict,attrWidth,tabOrder) values ('106003','106','','','手/自动','','hand_auto','',null);
INSERT INTO YH_DEV_ATTR(devAttrId,devtypeid,attrClass,attrEnName,attrCnName,attrUnit,attrDict,attrWidth,tabOrder) values ('106004','106','','','故障报警','','','',null);
INSERT INTO YH_DEV_ATTR(devAttrId,devtypeid,attrClass,attrEnName,attrCnName,attrUnit,attrDict,attrWidth,tabOrder) values ('106005','106','','','送风温度','','','',null);
INSERT INTO YH_DEV_ATTR(devAttrId,devtypeid,attrClass,attrEnName,attrCnName,attrUnit,attrDict,attrWidth,tabOrder) values ('106006','106','','','环境温度设定','','','',null);
INSERT INTO YH_DEV_ATTR(devAttrId,devtypeid,attrClass,attrEnName,attrCnName,attrUnit,attrDict,attrWidth,tabOrder) values ('106007','106','','','滤网报警','','','',null);
INSERT INTO YH_DEV_ATTR(devAttrId,devtypeid,attrClass,attrEnName,attrCnName,attrUnit,attrDict,attrWidth,tabOrder) values ('106008','106','','','水阀调节','','','',null);
INSERT INTO YH_DEV_ATTR(devAttrId,devtypeid,attrClass,attrEnName,attrCnName,attrUnit,attrDict,attrWidth,tabOrder) values ('106009','106','','','水阀反馈','','','',null);
INSERT INTO YH_DEV_ATTR(devAttrId,devtypeid,attrClass,attrEnName,attrCnName,attrUnit,attrDict,attrWidth,tabOrder) values ('106010','106','','','频率调节','','','',null);
INSERT INTO YH_DEV_ATTR(devAttrId,devtypeid,attrClass,attrEnName,attrCnName,attrUnit,attrDict,attrWidth,tabOrder) values ('106011','106','','','频率反馈','','','',null);
INSERT INTO YH_DEV_ATTR(devAttrId,devtypeid,attrClass,attrEnName,attrCnName,attrUnit,attrDict,attrWidth,tabOrder) values ('106012','106','','','管井静压','','','',null);
INSERT INTO YH_DEV_ATTR(devAttrId,devtypeid,attrClass,attrEnName,attrCnName,attrUnit,attrDict,attrWidth,tabOrder) values ('106013','106','','','静压设定','','','',null);
INSERT INTO YH_DEV_ATTR(devAttrId,devtypeid,attrClass,attrEnName,attrCnName,attrUnit,attrDict,attrWidth,tabOrder) values ('107001','107','','','开控制','','','',null);
INSERT INTO YH_DEV_ATTR(devAttrId,devtypeid,attrClass,attrEnName,attrCnName,attrUnit,attrDict,attrWidth,tabOrder) values ('107002','107','','','关控制','','','',null);
INSERT INTO YH_DEV_ATTR(devAttrId,devtypeid,attrClass,attrEnName,attrCnName,attrUnit,attrDict,attrWidth,tabOrder) values ('108001','108','','','开/关控制','','','',null);
INSERT INTO YH_DEV_ATTR(devAttrId,devtypeid,attrClass,attrEnName,attrCnName,attrUnit,attrDict,attrWidth,tabOrder) values ('109001','109','','','开控制','','','',null);
INSERT INTO YH_DEV_ATTR(devAttrId,devtypeid,attrClass,attrEnName,attrCnName,attrUnit,attrDict,attrWidth,tabOrder) values ('109002','109','','','关控制','','','',null);
INSERT INTO YH_DEV_ATTR(devAttrId,devtypeid,attrClass,attrEnName,attrCnName,attrUnit,attrDict,attrWidth,tabOrder) values ('110001','110','','','启停控制','','start_stop','',null);
INSERT INTO YH_DEV_ATTR(devAttrId,devtypeid,attrClass,attrEnName,attrCnName,attrUnit,attrDict,attrWidth,tabOrder) values ('110002','110','','','运行状态','','running_state','',null);
INSERT INTO YH_DEV_ATTR(devAttrId,devtypeid,attrClass,attrEnName,attrCnName,attrUnit,attrDict,attrWidth,tabOrder) values ('110003','110','','','手/自动','','hand_auto','',null);
INSERT INTO YH_DEV_ATTR(devAttrId,devtypeid,attrClass,attrEnName,attrCnName,attrUnit,attrDict,attrWidth,tabOrder) values ('110004','110','','','故障报警','','','',null);
INSERT INTO YH_DEV_ATTR(devAttrId,devtypeid,attrClass,attrEnName,attrCnName,attrUnit,attrDict,attrWidth,tabOrder) values ('110005','110','','','风阀调节','','','',null);
INSERT INTO YH_DEV_ATTR(devAttrId,devtypeid,attrClass,attrEnName,attrCnName,attrUnit,attrDict,attrWidth,tabOrder) values ('110006','110','','','风阀反馈','','','',null);
INSERT INTO YH_DEV_ATTR(devAttrId,devtypeid,attrClass,attrEnName,attrCnName,attrUnit,attrDict,attrWidth,tabOrder) values ('110007','110','','','风量反馈','','','',null);
INSERT INTO YH_DEV_ATTR(devAttrId,devtypeid,attrClass,attrEnName,attrCnName,attrUnit,attrDict,attrWidth,tabOrder) values ('111001','111','','','启停控制','','start_stop','',null);
INSERT INTO YH_DEV_ATTR(devAttrId,devtypeid,attrClass,attrEnName,attrCnName,attrUnit,attrDict,attrWidth,tabOrder) values ('111002','111','','','运行状态','','running_state','',null);
INSERT INTO YH_DEV_ATTR(devAttrId,devtypeid,attrClass,attrEnName,attrCnName,attrUnit,attrDict,attrWidth,tabOrder) values ('111003','111','','','手/自动','','hand_auto','',null);
INSERT INTO YH_DEV_ATTR(devAttrId,devtypeid,attrClass,attrEnName,attrCnName,attrUnit,attrDict,attrWidth,tabOrder) values ('112001','112','','','运行状态','','running_state','',null);
INSERT INTO YH_DEV_ATTR(devAttrId,devtypeid,attrClass,attrEnName,attrCnName,attrUnit,attrDict,attrWidth,tabOrder) values ('112002','112','','','手自动','','hand_auto','',null);
INSERT INTO YH_DEV_ATTR(devAttrId,devtypeid,attrClass,attrEnName,attrCnName,attrUnit,attrDict,attrWidth,tabOrder) values ('112003','112','','','启停控制','','start_stop','',null);
INSERT INTO YH_DEV_ATTR(devAttrId,devtypeid,attrClass,attrEnName,attrCnName,attrUnit,attrDict,attrWidth,tabOrder) values ('113001','113','控制面板','','启停控制','','start_stop','',null);
INSERT INTO YH_DEV_ATTR(devAttrId,devtypeid,attrClass,attrEnName,attrCnName,attrUnit,attrDict,attrWidth,tabOrder) values ('113002','113','控制面板','','手/自动','','hand_auto','',null);
INSERT INTO YH_DEV_ATTR(devAttrId,devtypeid,attrClass,attrEnName,attrCnName,attrUnit,attrDict,attrWidth,tabOrder) values ('113003','113','控制面板','','超温报警','','trouble_warn','',null);
INSERT INTO YH_DEV_ATTR(devAttrId,devtypeid,attrClass,attrEnName,attrCnName,attrUnit,attrDict,attrWidth,tabOrder) values ('113004','113','室外','','室外温度','°C','','',null);
INSERT INTO YH_DEV_ATTR(devAttrId,devtypeid,attrClass,attrEnName,attrCnName,attrUnit,attrDict,attrWidth,tabOrder) values ('113005','113','室外','','室外湿度','%','','',null);
INSERT INTO YH_DEV_ATTR(devAttrId,devtypeid,attrClass,attrEnName,attrCnName,attrUnit,attrDict,attrWidth,tabOrder) values ('113006','113','','','出水温度设定','°C','','',null);
INSERT INTO YH_DEV_ATTR(devAttrId,devtypeid,attrClass,attrEnName,attrCnName,attrUnit,attrDict,attrWidth,tabOrder) values ('113007','113','','','供水瞬时流量','CMH','','',null);
INSERT INTO YH_DEV_ATTR(devAttrId,devtypeid,attrClass,attrEnName,attrCnName,attrUnit,attrDict,attrWidth,tabOrder) values ('113008','113','回水','','回水总管温度','°C','','',null);
INSERT INTO YH_DEV_ATTR(devAttrId,devtypeid,attrClass,attrEnName,attrCnName,attrUnit,attrDict,attrWidth,tabOrder) values ('113009','113','回水','','回水总管压力','bar','','',null);
INSERT INTO YH_DEV_ATTR(devAttrId,devtypeid,attrClass,attrEnName,attrCnName,attrUnit,attrDict,attrWidth,tabOrder) values ('113010','113','回水','','回水总管流量','CMH','','',null);
INSERT INTO YH_DEV_ATTR(devAttrId,devtypeid,attrClass,attrEnName,attrCnName,attrUnit,attrDict,attrWidth,tabOrder) values ('113011','113','集水器','','至高区','°C','','',null);
INSERT INTO YH_DEV_ATTR(devAttrId,devtypeid,attrClass,attrEnName,attrCnName,attrUnit,attrDict,attrWidth,tabOrder) values ('113012','113','集水器','','至裙楼','°C','','',null);
INSERT INTO YH_DEV_ATTR(devAttrId,devtypeid,attrClass,attrEnName,attrCnName,attrUnit,attrDict,attrWidth,tabOrder) values ('113013','113','集水器','','至塔楼','°C','','',null);
INSERT INTO YH_DEV_ATTR(devAttrId,devtypeid,attrClass,attrEnName,attrCnName,attrUnit,attrDict,attrWidth,tabOrder) values ('113014','113','旁通阀','','旁通阀控制','%','','',null);
INSERT INTO YH_DEV_ATTR(devAttrId,devtypeid,attrClass,attrEnName,attrCnName,attrUnit,attrDict,attrWidth,tabOrder) values ('113015','113','旁通阀','','旁通阀反馈','%','','',null);
INSERT INTO YH_DEV_ATTR(devAttrId,devtypeid,attrClass,attrEnName,attrCnName,attrUnit,attrDict,attrWidth,tabOrder) values ('113016','113','总管压差','','总管压差设定','bar','','',null);
INSERT INTO YH_DEV_ATTR(devAttrId,devtypeid,attrClass,attrEnName,attrCnName,attrUnit,attrDict,attrWidth,tabOrder) values ('113017','113','总管压差','','总管压差','bar','','',null);
INSERT INTO YH_DEV_ATTR(devAttrId,devtypeid,attrClass,attrEnName,attrCnName,attrUnit,attrDict,attrWidth,tabOrder) values ('113018','113','分水器','','至高区','°C','','',null);
INSERT INTO YH_DEV_ATTR(devAttrId,devtypeid,attrClass,attrEnName,attrCnName,attrUnit,attrDict,attrWidth,tabOrder) values ('113019','113','分水器','','至裙楼','°C','','',null);
INSERT INTO YH_DEV_ATTR(devAttrId,devtypeid,attrClass,attrEnName,attrCnName,attrUnit,attrDict,attrWidth,tabOrder) values ('113020','113','分水器','','至塔楼','°C','','',null);
INSERT INTO YH_DEV_ATTR(devAttrId,devtypeid,attrClass,attrEnName,attrCnName,attrUnit,attrDict,attrWidth,tabOrder) values ('113021','113','供水','','供水总管压力','bar','','',null);
INSERT INTO YH_DEV_ATTR(devAttrId,devtypeid,attrClass,attrEnName,attrCnName,attrUnit,attrDict,attrWidth,tabOrder) values ('113022','113','供水','','供水总管温度','°C','','',null);
INSERT INTO YH_DEV_ATTR(devAttrId,devtypeid,attrClass,attrEnName,attrCnName,attrUnit,attrDict,attrWidth,tabOrder) values ('113023','113','38楼膨胀水箱','','高水位报警','','trouble_warn','',null);
INSERT INTO YH_DEV_ATTR(devAttrId,devtypeid,attrClass,attrEnName,attrCnName,attrUnit,attrDict,attrWidth,tabOrder) values ('113024','113','38楼膨胀水箱','','低水位报警','','trouble_warn','',null);
INSERT INTO YH_DEV_ATTR(devAttrId,devtypeid,attrClass,attrEnName,attrCnName,attrUnit,attrDict,attrWidth,tabOrder) values ('114001','114','控制面板','','启停控制','','start_stop','',null);
INSERT INTO YH_DEV_ATTR(devAttrId,devtypeid,attrClass,attrEnName,attrCnName,attrUnit,attrDict,attrWidth,tabOrder) values ('114002','114','控制面板','','手/自动','','hand_auto','',null);
INSERT INTO YH_DEV_ATTR(devAttrId,devtypeid,attrClass,attrEnName,attrCnName,attrUnit,attrDict,attrWidth,tabOrder) values ('114003','114','控制面板','','超温报警','','trouble_warn','',null);
INSERT INTO YH_DEV_ATTR(devAttrId,devtypeid,attrClass,attrEnName,attrCnName,attrUnit,attrDict,attrWidth,tabOrder) values ('114004','114','','','出水温度设定','°C','','',null);
INSERT INTO YH_DEV_ATTR(devAttrId,devtypeid,attrClass,attrEnName,attrCnName,attrUnit,attrDict,attrWidth,tabOrder) values ('114005','114','回水','','回水总管温度','°C','','',null);
INSERT INTO YH_DEV_ATTR(devAttrId,devtypeid,attrClass,attrEnName,attrCnName,attrUnit,attrDict,attrWidth,tabOrder) values ('114006','114','回水','','回水总管压力','bar','','',null);
INSERT INTO YH_DEV_ATTR(devAttrId,devtypeid,attrClass,attrEnName,attrCnName,attrUnit,attrDict,attrWidth,tabOrder) values ('114007','114','回水','','回水总管流量','CMH','','',null);
INSERT INTO YH_DEV_ATTR(devAttrId,devtypeid,attrClass,attrEnName,attrCnName,attrUnit,attrDict,attrWidth,tabOrder) values ('114008','114','总管压差','','总管压差设定','bar','','',null);
INSERT INTO YH_DEV_ATTR(devAttrId,devtypeid,attrClass,attrEnName,attrCnName,attrUnit,attrDict,attrWidth,tabOrder) values ('114009','114','总管压差','','总管压差','bar','','',null);
INSERT INTO YH_DEV_ATTR(devAttrId,devtypeid,attrClass,attrEnName,attrCnName,attrUnit,attrDict,attrWidth,tabOrder) values ('114010','114','供水','','供水总管压力','bar','','',null);
INSERT INTO YH_DEV_ATTR(devAttrId,devtypeid,attrClass,attrEnName,attrCnName,attrUnit,attrDict,attrWidth,tabOrder) values ('114011','114','供水','','供水总管温度','°C','','',null);
INSERT INTO YH_DEV_ATTR(devAttrId,devtypeid,attrClass,attrEnName,attrCnName,attrUnit,attrDict,attrWidth,tabOrder) values ('114012','114','55楼膨胀水箱','','高水位报警','','trouble_warn','',null);
INSERT INTO YH_DEV_ATTR(devAttrId,devtypeid,attrClass,attrEnName,attrCnName,attrUnit,attrDict,attrWidth,tabOrder) values ('114013','114','55楼膨胀水箱','','低水位报警','','trouble_warn','',null);
INSERT INTO YH_DEV_ATTR(devAttrId,devtypeid,attrClass,attrEnName,attrCnName,attrUnit,attrDict,attrWidth,tabOrder) values ('115001','115','','','运行状态','','running_state','',null);
INSERT INTO YH_DEV_ATTR(devAttrId,devtypeid,attrClass,attrEnName,attrCnName,attrUnit,attrDict,attrWidth,tabOrder) values ('115002','115','','','手/自动','','hand_auto','',null);
INSERT INTO YH_DEV_ATTR(devAttrId,devtypeid,attrClass,attrEnName,attrCnName,attrUnit,attrDict,attrWidth,tabOrder) values ('115003','115','','','启停控制','','start_stop','',null);
INSERT INTO YH_DEV_ATTR(devAttrId,devtypeid,attrClass,attrEnName,attrCnName,attrUnit,attrDict,attrWidth,tabOrder) values ('116001','116','','','进水调节','%','','',null);
INSERT INTO YH_DEV_ATTR(devAttrId,devtypeid,attrClass,attrEnName,attrCnName,attrUnit,attrDict,attrWidth,tabOrder) values ('116002','116','','','进水反馈','%','','',null);
INSERT INTO YH_DEV_ATTR(devAttrId,devtypeid,attrClass,attrEnName,attrCnName,attrUnit,attrDict,attrWidth,tabOrder) values ('116003','116','','','一次侧进水温度','°C','','',null);
INSERT INTO YH_DEV_ATTR(devAttrId,devtypeid,attrClass,attrEnName,attrCnName,attrUnit,attrDict,attrWidth,tabOrder) values ('116004','116','','','一次侧出水温度','°C','','',null);
INSERT INTO YH_DEV_ATTR(devAttrId,devtypeid,attrClass,attrEnName,attrCnName,attrUnit,attrDict,attrWidth,tabOrder) values ('116005','116','','','二次侧进水温度','°C','','',null);
INSERT INTO YH_DEV_ATTR(devAttrId,devtypeid,attrClass,attrEnName,attrCnName,attrUnit,attrDict,attrWidth,tabOrder) values ('116006','116','','','二次侧出水温度','°C','','',null);
INSERT INTO YH_DEV_ATTR(devAttrId,devtypeid,attrClass,attrEnName,attrCnName,attrUnit,attrDict,attrWidth,tabOrder) values ('116007','116','','','水流开关','','running_state','',null);
INSERT INTO YH_DEV_ATTR(devAttrId,devtypeid,attrClass,attrEnName,attrCnName,attrUnit,attrDict,attrWidth,tabOrder) values ('117001','117','','','进水压力','bar','','',null);
INSERT INTO YH_DEV_ATTR(devAttrId,devtypeid,attrClass,attrEnName,attrCnName,attrUnit,attrDict,attrWidth,tabOrder) values ('117002','117','','','进水温度','°C','','',null);
INSERT INTO YH_DEV_ATTR(devAttrId,devtypeid,attrClass,attrEnName,attrCnName,attrUnit,attrDict,attrWidth,tabOrder) values ('117003','117','','','出水压力','bar','','',null);
INSERT INTO YH_DEV_ATTR(devAttrId,devtypeid,attrClass,attrEnName,attrCnName,attrUnit,attrDict,attrWidth,tabOrder) values ('117004','117','','','出水温度','°C','','',null);
INSERT INTO YH_DEV_ATTR(devAttrId,devtypeid,attrClass,attrEnName,attrCnName,attrUnit,attrDict,attrWidth,tabOrder) values ('117005','117','','','冷冻泵频率','Hz','','',null);
INSERT INTO YH_DEV_ATTR(devAttrId,devtypeid,attrClass,attrEnName,attrCnName,attrUnit,attrDict,attrWidth,tabOrder) values ('118001','118','','','开到位信号','','running_state','',null);
INSERT INTO YH_DEV_ATTR(devAttrId,devtypeid,attrClass,attrEnName,attrCnName,attrUnit,attrDict,attrWidth,tabOrder) values ('118002','118','','','关到位信号','','running_state','',null);
INSERT INTO YH_DEV_ATTR(devAttrId,devtypeid,attrClass,attrEnName,attrCnName,attrUnit,attrDict,attrWidth,tabOrder) values ('118003','118','','','手/自动','','hand_auto','',null);
INSERT INTO YH_DEV_ATTR(devAttrId,devtypeid,attrClass,attrEnName,attrCnName,attrUnit,attrDict,attrWidth,tabOrder) values ('118004','118','','','开控制','','start_stop','',null);
INSERT INTO YH_DEV_ATTR(devAttrId,devtypeid,attrClass,attrEnName,attrCnName,attrUnit,attrDict,attrWidth,tabOrder) values ('118005','118','','','关控制','','start_stop','',null);
INSERT INTO YH_DEV_ATTR(devAttrId,devtypeid,attrClass,attrEnName,attrCnName,attrUnit,attrDict,attrWidth,tabOrder) values ('119001','119','','','启停控制','','start_stop','',null);
INSERT INTO YH_DEV_ATTR(devAttrId,devtypeid,attrClass,attrEnName,attrCnName,attrUnit,attrDict,attrWidth,tabOrder) values ('119002','119','','','手/自动','','hand_auto','',null);
INSERT INTO YH_DEV_ATTR(devAttrId,devtypeid,attrClass,attrEnName,attrCnName,attrUnit,attrDict,attrWidth,tabOrder) values ('119003','119','','','运行信号','','running_state','',null);
INSERT INTO YH_DEV_ATTR(devAttrId,devtypeid,attrClass,attrEnName,attrCnName,attrUnit,attrDict,attrWidth,tabOrder) values ('119004','119','','','故障报警','','trouble_warn','',null);
INSERT INTO YH_DEV_ATTR(devAttrId,devtypeid,attrClass,attrEnName,attrCnName,attrUnit,attrDict,attrWidth,tabOrder) values ('119005','119','','','频率调节','Hz','','',null);
INSERT INTO YH_DEV_ATTR(devAttrId,devtypeid,attrClass,attrEnName,attrCnName,attrUnit,attrDict,attrWidth,tabOrder) values ('119006','119','','','频率反馈','Hz','','',null);
INSERT INTO YH_DEV_ATTR(devAttrId,devtypeid,attrClass,attrEnName,attrCnName,attrUnit,attrDict,attrWidth,tabOrder) values ('119007','119','','','累计运行','H','','',null);
INSERT INTO YH_DEV_ATTR(devAttrId,devtypeid,attrClass,attrEnName,attrCnName,attrUnit,attrDict,attrWidth,tabOrder) values ('120001','120','','','进水调节','%','','',null);
INSERT INTO YH_DEV_ATTR(devAttrId,devtypeid,attrClass,attrEnName,attrCnName,attrUnit,attrDict,attrWidth,tabOrder) values ('120002','120','','','进水反馈','%','','',null);
INSERT INTO YH_DEV_ATTR(devAttrId,devtypeid,attrClass,attrEnName,attrCnName,attrUnit,attrDict,attrWidth,tabOrder) values ('120003','120','','','一次侧进水温度','°C','','',null);
INSERT INTO YH_DEV_ATTR(devAttrId,devtypeid,attrClass,attrEnName,attrCnName,attrUnit,attrDict,attrWidth,tabOrder) values ('120004','120','','','一次侧出水温度','°C','','',null);
INSERT INTO YH_DEV_ATTR(devAttrId,devtypeid,attrClass,attrEnName,attrCnName,attrUnit,attrDict,attrWidth,tabOrder) values ('120005','120','','','二次侧进水温度','°C','','',null);
INSERT INTO YH_DEV_ATTR(devAttrId,devtypeid,attrClass,attrEnName,attrCnName,attrUnit,attrDict,attrWidth,tabOrder) values ('120006','120','','','二次侧出水温度','°C','','',null);
INSERT INTO YH_DEV_ATTR(devAttrId,devtypeid,attrClass,attrEnName,attrCnName,attrUnit,attrDict,attrWidth,tabOrder) values ('121001','121','','','进水压力','bar','','',null);
INSERT INTO YH_DEV_ATTR(devAttrId,devtypeid,attrClass,attrEnName,attrCnName,attrUnit,attrDict,attrWidth,tabOrder) values ('121002','121','','','进水温度','°C','','',null);
INSERT INTO YH_DEV_ATTR(devAttrId,devtypeid,attrClass,attrEnName,attrCnName,attrUnit,attrDict,attrWidth,tabOrder) values ('121003','121','','','出水压力','bar','','',null);
INSERT INTO YH_DEV_ATTR(devAttrId,devtypeid,attrClass,attrEnName,attrCnName,attrUnit,attrDict,attrWidth,tabOrder) values ('121004','121','','','出水温度','°C','','',null);
INSERT INTO YH_DEV_ATTR(devAttrId,devtypeid,attrClass,attrEnName,attrCnName,attrUnit,attrDict,attrWidth,tabOrder) values ('121005','121','','','冷冻泵频率','Hz','','',null);
INSERT INTO YH_DEV_ATTR(devAttrId,devtypeid,attrClass,attrEnName,attrCnName,attrUnit,attrDict,attrWidth,tabOrder) values ('122001','122','','','开到位信号','','running_state','',null);
INSERT INTO YH_DEV_ATTR(devAttrId,devtypeid,attrClass,attrEnName,attrCnName,attrUnit,attrDict,attrWidth,tabOrder) values ('122002','122','','','关到位信号','','running_state','',null);
INSERT INTO YH_DEV_ATTR(devAttrId,devtypeid,attrClass,attrEnName,attrCnName,attrUnit,attrDict,attrWidth,tabOrder) values ('122003','122','','','手/自动','','hand_auto','',null);
INSERT INTO YH_DEV_ATTR(devAttrId,devtypeid,attrClass,attrEnName,attrCnName,attrUnit,attrDict,attrWidth,tabOrder) values ('122004','122','','','开控制','','start_stop','',null);
INSERT INTO YH_DEV_ATTR(devAttrId,devtypeid,attrClass,attrEnName,attrCnName,attrUnit,attrDict,attrWidth,tabOrder) values ('122005','122','','','关控制','','start_stop','',null);
INSERT INTO YH_DEV_ATTR(devAttrId,devtypeid,attrClass,attrEnName,attrCnName,attrUnit,attrDict,attrWidth,tabOrder) values ('123001','123','','','启停控制','','start_stop','',null);
INSERT INTO YH_DEV_ATTR(devAttrId,devtypeid,attrClass,attrEnName,attrCnName,attrUnit,attrDict,attrWidth,tabOrder) values ('123002','123','','','手/自动','','hand_auto','',null);
INSERT INTO YH_DEV_ATTR(devAttrId,devtypeid,attrClass,attrEnName,attrCnName,attrUnit,attrDict,attrWidth,tabOrder) values ('123003','123','','','运行信号','','running_state','',null);
INSERT INTO YH_DEV_ATTR(devAttrId,devtypeid,attrClass,attrEnName,attrCnName,attrUnit,attrDict,attrWidth,tabOrder) values ('123004','123','','','故障报警','','trouble_warn','',null);
INSERT INTO YH_DEV_ATTR(devAttrId,devtypeid,attrClass,attrEnName,attrCnName,attrUnit,attrDict,attrWidth,tabOrder) values ('123005','123','','','频率调节','Hz','','',null);
INSERT INTO YH_DEV_ATTR(devAttrId,devtypeid,attrClass,attrEnName,attrCnName,attrUnit,attrDict,attrWidth,tabOrder) values ('123006','123','','','频率反馈','Hz','','',null);
INSERT INTO YH_DEV_ATTR(devAttrId,devtypeid,attrClass,attrEnName,attrCnName,attrUnit,attrDict,attrWidth,tabOrder) values ('123007','123','','','累计运行','H','','',null);
INSERT INTO YH_DEV_ATTR(devAttrId,devtypeid,attrClass,attrEnName,attrCnName,attrUnit,attrDict,attrWidth,tabOrder) values ('124001','124','','','运行状态','','trouble_warn','',null);
INSERT INTO YH_DEV_ATTR(devAttrId,devtypeid,attrClass,attrEnName,attrCnName,attrUnit,attrDict,attrWidth,tabOrder) values ('125001','125','','','运行状态','','running_state','',null);
INSERT INTO YH_DEV_ATTR(devAttrId,devtypeid,attrClass,attrEnName,attrCnName,attrUnit,attrDict,attrWidth,tabOrder) values ('125002','125','','','手/自动','','hand_auto','',null);
INSERT INTO YH_DEV_ATTR(devAttrId,devtypeid,attrClass,attrEnName,attrCnName,attrUnit,attrDict,attrWidth,tabOrder) values ('125003','125','','','启停控制','','start_stop','',null);
INSERT INTO YH_DEV_ATTR(devAttrId,devtypeid,attrClass,attrEnName,attrCnName,attrUnit,attrDict,attrWidth,tabOrder) values ('126001','126','','','运行状态','','running_state','',null);
INSERT INTO YH_DEV_ATTR(devAttrId,devtypeid,attrClass,attrEnName,attrCnName,attrUnit,attrDict,attrWidth,tabOrder) values ('126002','126','','','手/自动','','hand_auto','',null);
INSERT INTO YH_DEV_ATTR(devAttrId,devtypeid,attrClass,attrEnName,attrCnName,attrUnit,attrDict,attrWidth,tabOrder) values ('126003','126','','','启停控制','','start_stop','',null);



delete from YH_DEV_INFO;
INSERT INTO YH_DEV_INFO(devId,pareDevId,devtypeid,devEnName,devCnName,devModel,floor,location) values ('1010180001','','101','','一号空调','AHU','18','');
INSERT INTO YH_DEV_INFO(devId,pareDevId,devtypeid,devEnName,devCnName,devModel,floor,location) values ('1010180002','','101','','二号空调','AHU','18','');
INSERT INTO YH_DEV_INFO(devId,pareDevId,devtypeid,devEnName,devCnName,devModel,floor,location) values ('1100180001','','110','','1号送排机','','18','卫生间');
INSERT INTO YH_DEV_INFO(devId,pareDevId,devtypeid,devEnName,devCnName,devModel,floor,location) values ('1100180002','','110','','2号排风机','','18','卫生间');
INSERT INTO YH_DEV_INFO(devId,pareDevId,devtypeid,devEnName,devCnName,devModel,floor,location) values ('1120180001','','112','18-NL2-1','走廊照明','','18','');
INSERT INTO YH_DEV_INFO(devId,pareDevId,devtypeid,devEnName,devCnName,devModel,floor,location) values ('1120180002','','112','18-NL2-2','值班照明','','18','');
INSERT INTO YH_DEV_INFO(devId,pareDevId,devtypeid,devEnName,devCnName,devModel,floor,location) values ('1120180003','','112','18-NL2-3','卫生间照明','','18','');
INSERT INTO YH_DEV_INFO(devId,pareDevId,devtypeid,devEnName,devCnName,devModel,floor,location) values ('1120180004','','112','18-NL2-4','茶水/清洁间照明','','18','');
INSERT INTO YH_DEV_INFO(devId,pareDevId,devtypeid,devEnName,devCnName,devModel,floor,location) values ('1120180005','','112','18-DDYQ1-1','电梯厅灯带','','18','');
INSERT INTO YH_DEV_INFO(devId,pareDevId,devtypeid,devEnName,devCnName,devModel,floor,location) values ('1120180006','','112','18-DDYQ1-2','卫生间灯带','','18','');
INSERT INTO YH_DEV_INFO(devId,pareDevId,devtypeid,devEnName,devCnName,devModel,floor,location) values ('1150180001','','115','','风机盘管','','18','');
INSERT INTO YH_DEV_INFO(devId,pareDevId,devtypeid,devEnName,devCnName,devModel,floor,location) values ('1150180002','','115','','VAV电加热电源','','18','');
INSERT INTO YH_DEV_INFO(devId,pareDevId,devtypeid,devEnName,devCnName,devModel,floor,location) values ('1150180003','','115','','茶/卫热水装置','','18','');
INSERT INTO YH_DEV_INFO(devId,pareDevId,devtypeid,devEnName,devCnName,devModel,floor,location) values ('1240180001','','124','','消防电梯厅1','','18','消防电梯厅');
INSERT INTO YH_DEV_INFO(devId,pareDevId,devtypeid,devEnName,devCnName,devModel,floor,location) values ('1240180002','','124','','消防电梯厅2','','18','消防电梯厅');
INSERT INTO YH_DEV_INFO(devId,pareDevId,devtypeid,devEnName,devCnName,devModel,floor,location) values ('1240180003','','124','','水管井1','','18','水管井');
INSERT INTO YH_DEV_INFO(devId,pareDevId,devtypeid,devEnName,devCnName,devModel,floor,location) values ('1240180004','','124','','水管井2','','18','水管井');
INSERT INTO YH_DEV_INFO(devId,pareDevId,devtypeid,devEnName,devCnName,devModel,floor,location) values ('1240180005','','124','','空调机房','','18','空调机房');



delete from YH_DEV_POINT_REF;
INSERT INTO YH_DEV_POINT_REF(adapterId,controllerId,pointId,devId,devAttrId) values ('a001','1721691871867','1721691871867201','1010180001','101001');
INSERT INTO YH_DEV_POINT_REF(adapterId,controllerId,pointId,devId,devAttrId) values ('a001','1721691871867','1721691871867104','1010180001','101002');
INSERT INTO YH_DEV_POINT_REF(adapterId,controllerId,pointId,devId,devAttrId) values ('a001','1721691871867','1721691871867103','1010180001','101003');
INSERT INTO YH_DEV_POINT_REF(adapterId,controllerId,pointId,devId,devAttrId) values ('a001','1721691871867','1721691871867101','1010180001','101004');
INSERT INTO YH_DEV_POINT_REF(adapterId,controllerId,pointId,devId,devAttrId) values ('a001','1721691871867','1721691871867501','1010180001','101005');
INSERT INTO YH_DEV_POINT_REF(adapterId,controllerId,pointId,devId,devAttrId) values ('a001','1721691871867','1721691871867403','1010180001','101006');
INSERT INTO YH_DEV_POINT_REF(adapterId,controllerId,pointId,devId,devAttrId) values ('a001','1721691871867','1721691871867100','1010180001','101007');
INSERT INTO YH_DEV_POINT_REF(adapterId,controllerId,pointId,devId,devAttrId) values ('a001','1721691871867','1721691871867500','1010180001','101008');
INSERT INTO YH_DEV_POINT_REF(adapterId,controllerId,pointId,devId,devAttrId) values ('a001','1721691871867','1721691871867410','1010180001','101009');
INSERT INTO YH_DEV_POINT_REF(adapterId,controllerId,pointId,devId,devAttrId) values ('a001','1721691871867','1721691871867406','1010180001','101010');
INSERT INTO YH_DEV_POINT_REF(adapterId,controllerId,pointId,devId,devAttrId) values ('a001','1721691871867','1721691871867404','1010180001','101011');
INSERT INTO YH_DEV_POINT_REF(adapterId,controllerId,pointId,devId,devAttrId) values ('a001','1721691871867','1721691871867405','1010180001','101012');
INSERT INTO YH_DEV_POINT_REF(adapterId,controllerId,pointId,devId,devAttrId) values ('a001','1721691871867','1721691871867600','1010180001','101013');
INSERT INTO YH_DEV_POINT_REF(adapterId,controllerId,pointId,devId,devAttrId) values ('a001','1721691871867','1721691871867503','1010180001','101014');
INSERT INTO YH_DEV_POINT_REF(adapterId,controllerId,pointId,devId,devAttrId) values ('a001','1721691871867','1721691871867411','1010180001','101015');
INSERT INTO YH_DEV_POINT_REF(adapterId,controllerId,pointId,devId,devAttrId) values ('a001','1721691871867','1721691871867400','1010180001','101016');
INSERT INTO YH_DEV_POINT_REF(adapterId,controllerId,pointId,devId,devAttrId) values ('a001','1721691871867','1721691871867601','1010180001','101017');
INSERT INTO YH_DEV_POINT_REF(adapterId,controllerId,pointId,devId,devAttrId) values ('a001','1721691871867','1721691871867401','1010180001','101018');
INSERT INTO YH_DEV_POINT_REF(adapterId,controllerId,pointId,devId,devAttrId) values ('a001','1721691871867','1721691871867402','1010180001','101019');
INSERT INTO YH_DEV_POINT_REF(adapterId,controllerId,pointId,devId,devAttrId) values ('a001','1721691871867','1721691871867603','1010180001','101020');
INSERT INTO YH_DEV_POINT_REF(adapterId,controllerId,pointId,devId,devAttrId) values ('a001','1721691871867','1721691871867203','1010180001','101021');
INSERT INTO YH_DEV_POINT_REF(adapterId,controllerId,pointId,devId,devAttrId) values ('a001','1721691871867','1721691871867202','1010180001','101023');
INSERT INTO YH_DEV_POINT_REF(adapterId,controllerId,pointId,devId,devAttrId) values ('a001','1721691871867','1721691871867300','1010180001','101025');
INSERT INTO YH_DEV_POINT_REF(adapterId,controllerId,pointId,devId,devAttrId) values ('a001','172169187018','172169187018302','1010180001','101026');
INSERT INTO YH_DEV_POINT_REF(adapterId,controllerId,pointId,devId,devAttrId) values ('a001','172169187018','172169187018200','1010180002','101001');
INSERT INTO YH_DEV_POINT_REF(adapterId,controllerId,pointId,devId,devAttrId) values ('a001','172169187018','172169187018100','1010180002','101002');
INSERT INTO YH_DEV_POINT_REF(adapterId,controllerId,pointId,devId,devAttrId) values ('a001','172169187018','172169187018105','1010180002','101003');
INSERT INTO YH_DEV_POINT_REF(adapterId,controllerId,pointId,devId,devAttrId) values ('a001','172169187018','172169187018101','1010180002','101004');
INSERT INTO YH_DEV_POINT_REF(adapterId,controllerId,pointId,devId,devAttrId) values ('a001','172169187018','172169187018500','1010180002','101005');
INSERT INTO YH_DEV_POINT_REF(adapterId,controllerId,pointId,devId,devAttrId) values ('a001','172169187018','172169187018400','1010180002','101006');
INSERT INTO YH_DEV_POINT_REF(adapterId,controllerId,pointId,devId,devAttrId) values ('a001','172169187018','172169187018102','1010180002','101007');
INSERT INTO YH_DEV_POINT_REF(adapterId,controllerId,pointId,devId,devAttrId) values ('a001','172169187018','172169187018501','1010180002','101008');
INSERT INTO YH_DEV_POINT_REF(adapterId,controllerId,pointId,devId,devAttrId) values ('a001','172169187018','172169187018402','1010180002','101009');
INSERT INTO YH_DEV_POINT_REF(adapterId,controllerId,pointId,devId,devAttrId) values ('a001','172169187018','172169187018406','1010180002','101010');
INSERT INTO YH_DEV_POINT_REF(adapterId,controllerId,pointId,devId,devAttrId) values ('a001','172169187018','172169187018407','1010180002','101011');
INSERT INTO YH_DEV_POINT_REF(adapterId,controllerId,pointId,devId,devAttrId) values ('a001','172169187018','172169187018409','1010180002','101012');
INSERT INTO YH_DEV_POINT_REF(adapterId,controllerId,pointId,devId,devAttrId) values ('a001','172169187018','172169187018603','1010180002','101013');
INSERT INTO YH_DEV_POINT_REF(adapterId,controllerId,pointId,devId,devAttrId) values ('a001','172169187018','172169187018502','1010180002','101014');
INSERT INTO YH_DEV_POINT_REF(adapterId,controllerId,pointId,devId,devAttrId) values ('a001','172169187018','172169187018408','1010180002','101015');
INSERT INTO YH_DEV_POINT_REF(adapterId,controllerId,pointId,devId,devAttrId) values ('a001','172169187018','172169187018403','1010180002','101016');
INSERT INTO YH_DEV_POINT_REF(adapterId,controllerId,pointId,devId,devAttrId) values ('a001','172169187018','172169187018601','1010180002','101017');
INSERT INTO YH_DEV_POINT_REF(adapterId,controllerId,pointId,devId,devAttrId) values ('a001','172169187018','172169187018404','1010180002','101018');
INSERT INTO YH_DEV_POINT_REF(adapterId,controllerId,pointId,devId,devAttrId) values ('a001','172169187018','172169187018405','1010180002','101019');
INSERT INTO YH_DEV_POINT_REF(adapterId,controllerId,pointId,devId,devAttrId) values ('a001','172169187018','172169187018602','1010180002','101020');
INSERT INTO YH_DEV_POINT_REF(adapterId,controllerId,pointId,devId,devAttrId) values ('a001','172169187018','172169187018201','1010180002','101021');
INSERT INTO YH_DEV_POINT_REF(adapterId,controllerId,pointId,devId,devAttrId) values ('a001','172169187018','172169187018103','1010180002','101022');
INSERT INTO YH_DEV_POINT_REF(adapterId,controllerId,pointId,devId,devAttrId) values ('a001','172169187018','172169187018202','1010180002','101023');
INSERT INTO YH_DEV_POINT_REF(adapterId,controllerId,pointId,devId,devAttrId) values ('a001','172169187018','172169187018104','1010180002','101024');
INSERT INTO YH_DEV_POINT_REF(adapterId,controllerId,pointId,devId,devAttrId) values ('a001','172169187018','172169187018301','1010180002','101025');
INSERT INTO YH_DEV_POINT_REF(adapterId,controllerId,pointId,devId,devAttrId) values ('a001','172169187018','172169187018302','1010180002','101026');
INSERT INTO YH_DEV_POINT_REF(adapterId,controllerId,pointId,devId,devAttrId) values ('a001','172169187018','172169187018600','1010180002','101027');
INSERT INTO YH_DEV_POINT_REF(adapterId,controllerId,pointId,devId,devAttrId) values ('a001','172169567126','172169567126208','1100180001','110001');
INSERT INTO YH_DEV_POINT_REF(adapterId,controllerId,pointId,devId,devAttrId) values ('a001','172169567126','172169567126117','1100180001','110002');
INSERT INTO YH_DEV_POINT_REF(adapterId,controllerId,pointId,devId,devAttrId) values ('a001','172169567126','1721695671261379','1100180001','110003');
INSERT INTO YH_DEV_POINT_REF(adapterId,controllerId,pointId,devId,devAttrId) values ('a001','172169567126','172169567126118','1100180001','110004');
INSERT INTO YH_DEV_POINT_REF(adapterId,controllerId,pointId,devId,devAttrId) values ('a001','172169567126','172169567126501','1100180001','110005');
INSERT INTO YH_DEV_POINT_REF(adapterId,controllerId,pointId,devId,devAttrId) values ('a001','172169567126','172169567126401','1100180001','110006');
INSERT INTO YH_DEV_POINT_REF(adapterId,controllerId,pointId,devId,devAttrId) values ('a001','172169567126','172169567126626','1100180001','110007');
INSERT INTO YH_DEV_POINT_REF(adapterId,controllerId,pointId,devId,devAttrId) values ('a001','172169567126','172169567126209','1100180002','110001');
INSERT INTO YH_DEV_POINT_REF(adapterId,controllerId,pointId,devId,devAttrId) values ('a001','172169567126','172169567126179','1100180002','110002');
INSERT INTO YH_DEV_POINT_REF(adapterId,controllerId,pointId,devId,devAttrId) values ('a001','172169567126','1721695671261379','1100180002','110003');
INSERT INTO YH_DEV_POINT_REF(adapterId,controllerId,pointId,devId,devAttrId) values ('a001','172169567126','172169567126180','1100180002','110004');
INSERT INTO YH_DEV_POINT_REF(adapterId,controllerId,pointId,devId,devAttrId) values ('a001','172169567126','172169567126500','1100180002','110005');
INSERT INTO YH_DEV_POINT_REF(adapterId,controllerId,pointId,devId,devAttrId) values ('a001','172169567126','172169567126400','1100180002','110006');
INSERT INTO YH_DEV_POINT_REF(adapterId,controllerId,pointId,devId,devAttrId) values ('a001','172169567126','172169567126627','1100180002','110007');
INSERT INTO YH_DEV_POINT_REF(adapterId,controllerId,pointId,devId,devAttrId) values ('a001','172169567126','1721695671261389','1120180001','112001');
INSERT INTO YH_DEV_POINT_REF(adapterId,controllerId,pointId,devId,devAttrId) values ('a001','172169567126','1721695671261383','1120180001','112002');
INSERT INTO YH_DEV_POINT_REF(adapterId,controllerId,pointId,devId,devAttrId) values ('a001','172169567126','1721695671262164','1120180001','112003');
INSERT INTO YH_DEV_POINT_REF(adapterId,controllerId,pointId,devId,devAttrId) values ('a001','172169567126','1721695671261388','1120180002','112001');
INSERT INTO YH_DEV_POINT_REF(adapterId,controllerId,pointId,devId,devAttrId) values ('a001','172169567126','1721695671261383','1120180002','112002');
INSERT INTO YH_DEV_POINT_REF(adapterId,controllerId,pointId,devId,devAttrId) values ('a001','172169567126','1721695671262163','1120180002','112003');
INSERT INTO YH_DEV_POINT_REF(adapterId,controllerId,pointId,devId,devAttrId) values ('a001','172169567126','1721695671261387','1120180003','112001');
INSERT INTO YH_DEV_POINT_REF(adapterId,controllerId,pointId,devId,devAttrId) values ('a001','172169567126','1721695671261383','1120180003','112002');
INSERT INTO YH_DEV_POINT_REF(adapterId,controllerId,pointId,devId,devAttrId) values ('a001','172169567126','1721695671262162','1120180003','112003');
INSERT INTO YH_DEV_POINT_REF(adapterId,controllerId,pointId,devId,devAttrId) values ('a001','172169567126','1721695671261386','1120180004','112001');
INSERT INTO YH_DEV_POINT_REF(adapterId,controllerId,pointId,devId,devAttrId) values ('a001','172169567126','1721695671261383','1120180004','112002');
INSERT INTO YH_DEV_POINT_REF(adapterId,controllerId,pointId,devId,devAttrId) values ('a001','172169567126','1721695671262161','1120180004','112003');
INSERT INTO YH_DEV_POINT_REF(adapterId,controllerId,pointId,devId,devAttrId) values ('a001','1721691871868','1721691871868102','1120180005','112001');
INSERT INTO YH_DEV_POINT_REF(adapterId,controllerId,pointId,devId,devAttrId) values ('a001','1721691871868','1721691871868103','1120180005','112002');
INSERT INTO YH_DEV_POINT_REF(adapterId,controllerId,pointId,devId,devAttrId) values ('a001','1721691871868','1721691871868201','1120180005','112003');
INSERT INTO YH_DEV_POINT_REF(adapterId,controllerId,pointId,devId,devAttrId) values ('a001','1721691871868','1721691871868100','1120180006','112001');
INSERT INTO YH_DEV_POINT_REF(adapterId,controllerId,pointId,devId,devAttrId) values ('a001','1721691871868','1721691871868101','1120180006','112002');
INSERT INTO YH_DEV_POINT_REF(adapterId,controllerId,pointId,devId,devAttrId) values ('a001','1721691871868','1721691871868200','1120180006','112003');
INSERT INTO YH_DEV_POINT_REF(adapterId,controllerId,pointId,devId,devAttrId) values ('a001','172169567126','1721695671261380','1150180001','115001');
INSERT INTO YH_DEV_POINT_REF(adapterId,controllerId,pointId,devId,devAttrId) values ('a001','172169567126','1721695671261379','1150180001','115002');
INSERT INTO YH_DEV_POINT_REF(adapterId,controllerId,pointId,devId,devAttrId) values ('a001','172169567126','172169567126207','1150180001','115003');
INSERT INTO YH_DEV_POINT_REF(adapterId,controllerId,pointId,devId,devAttrId) values ('a001','172169567126','1721695671261381','1150180002','115001');
INSERT INTO YH_DEV_POINT_REF(adapterId,controllerId,pointId,devId,devAttrId) values ('a001','172169567126','1721695671261379','1150180002','115002');
INSERT INTO YH_DEV_POINT_REF(adapterId,controllerId,pointId,devId,devAttrId) values ('a001','172169567126','172169567126206','1150180002','115003');
INSERT INTO YH_DEV_POINT_REF(adapterId,controllerId,pointId,devId,devAttrId) values ('a001','172169567126','1721695671261382','1150180003','115001');
INSERT INTO YH_DEV_POINT_REF(adapterId,controllerId,pointId,devId,devAttrId) values ('a001','172169567126','1721695671261379','1150180003','115002');
INSERT INTO YH_DEV_POINT_REF(adapterId,controllerId,pointId,devId,devAttrId) values ('a001','172169567126','1721695671262159','1150180003','115003');
INSERT INTO YH_DEV_POINT_REF(adapterId,controllerId,pointId,devId,devAttrId) values ('a001','172169567126','1721695671261630','1240180001','124001');
INSERT INTO YH_DEV_POINT_REF(adapterId,controllerId,pointId,devId,devAttrId) values ('a001','172169567126','1721695671261631','1240180002','124002');
INSERT INTO YH_DEV_POINT_REF(adapterId,controllerId,pointId,devId,devAttrId) values ('a001','172169567126','1721695671261628','1240180003','124003');
INSERT INTO YH_DEV_POINT_REF(adapterId,controllerId,pointId,devId,devAttrId) values ('a001','172169567126','1721695671261629','1240180004','124004');
INSERT INTO YH_DEV_POINT_REF(adapterId,controllerId,pointId,devId,devAttrId) values ('a001','172169567126','1721695671261632','1240180005','124005');

